"Time (s) Run #2";"Angle, Ch 1+2 (rad) Run #2";"Angular Velocity, Ch 1+2 (rad/s) Run #2";"Angular Acceleration, Ch 1+2 (rad/s²) Run #2";"Position, Ch 1+2 (m) Run #2";"Velocity, Ch 1+2 (m/s) Run #2";"Acceleration, Ch 1+2 (m/s²) Run #2";"Angle, Ch 3+4 (rad) Run #2";"Angular Velocity, Ch 3+4 (rad/s) Run #2";"Angular Acceleration, Ch 3+4 (rad/s²) Run #2";"Position, Ch 3+4 (m) Run #2";"Velocity, Ch 3+4 (m/s) Run #2";"Acceleration, Ch 3+4 (m/s²) Run #2";"Output Voltage (V) Run #2";"Output Current (A) Run #2";"Time (s) Run #3";"Angle, Ch 1+2 (rad) Run #3";"Angular Velocity, Ch 1+2 (rad/s) Run #3";"Angular Acceleration, Ch 1+2 (rad/s²) Run #3";"Position, Ch 1+2 (m) Run #3";"Velocity, Ch 1+2 (m/s) Run #3";"Acceleration, Ch 1+2 (m/s²) Run #3";"Angle, Ch 3+4 (rad) Run #3";"Angular Velocity, Ch 3+4 (rad/s) Run #3";"Angular Acceleration, Ch 3+4 (rad/s²) Run #3";"Position, Ch 3+4 (m) Run #3";"Velocity, Ch 3+4 (m/s) Run #3";"Acceleration, Ch 3+4 (m/s²) Run #3";"Output Voltage (V) Run #3";"Output Current (A) Run #3";"Time (s) Run #4";"Angle, Ch 1+2 (rad) Run #4";"Angular Velocity, Ch 1+2 (rad/s) Run #4";"Angular Acceleration, Ch 1+2 (rad/s²) Run #4";"Position, Ch 1+2 (m) Run #4";"Velocity, Ch 1+2 (m/s) Run #4";"Acceleration, Ch 1+2 (m/s²) Run #4";"Angle, Ch 3+4 (rad) Run #4";"Angular Velocity, Ch 3+4 (rad/s) Run #4";"Angular Acceleration, Ch 3+4 (rad/s²) Run #4";"Position, Ch 3+4 (m) Run #4";"Velocity, Ch 3+4 (m/s) Run #4";"Acceleration, Ch 3+4 (m/s²) Run #4";"Output Voltage (V) Run #4";"Output Current (A) Run #4"
0,000;0,000;;;0,0000;;;0,000;;;0,0000;;;0,002;-8,212E-4;0,000;0,000;;;0,0000;;;0,000;;;0,0000;;;0,002;-8,046E-4;0,000;0,000;;;0,0000;;;0,000;;;0,0000;;;0,002;-7,348E-4
0,050;0,000;0,000;;0,0000;0,000;;0,000;0,000;;0,0000;0,000;;0,002;-8,453E-4;0,050;0,000;0,000;;0,0000;0,000;;0,000;0,000;;0,0000;0,000;;0,002;-8,536E-4;0,050;0,000;0,000;;0,0000;0,000;;0,000;0,000;;0,0000;0,000;;0,002;-7,667E-4
0,100;0,000;0,000;0,000;0,0000;0,000;0,000;0,000;0,000;0,000;0,0000;0,000;0,000;0,002;-9,297E-4;0,100;0,000;0,000;0,000;0,0000;0,000;0,000;0,000;0,000;0,000;0,0000;0,000;0,000;0,002;-8,310E-4;0,100;0,000;0,000;0,000;0,0000;0,000;0,000;0,000;0,000;0,000;0,0000;0,000;0,000;0,002;-8,060E-4
0,150;0,000;0,000;0,000;0,0000;0,000;0,000;0,000;0,000;0,000;0,0000;0,000;0,000;0,002;-8,831E-4;0,150;0,000;0,000;0,582;0,0000;0,000;0,014;0,000;0,000;0,000;0,0000;0,000;0,000;0,002;-7,472E-4;0,150;0,000;0,000;0,000;0,0000;0,000;0,000;0,000;0,000;0,000;0,0000;0,000;0,000;0,002;-7,761E-4
0,200;0,000;0,000;0,000;0,0000;0,000;0,000;0,000;0,000;0,000;0,0000;0,000;0,000;0,002;-7,842E-4;0,200;0,000;0,058;0,776;0,0000;0,001;0,019;0,000;0,000;0,000;0,0000;0,000;0,000;0,002;-7,842E-4;0,200;0,000;0,000;0,000;0,0000;0,000;0,000;0,000;0,000;0,000;0,0000;0,000;0,000;0,002;-8,171E-4
0,250;0,000;0,000;0,000;0,0000;0,000;0,000;0,000;0,000;0,000;0,0000;0,000;0,000;0,002;-8,607E-4;0,250;0,000;0,116;0,388;0,0000;0,003;0,009;0,000;0,000;0,000;0,0000;0,000;0,000;0,002;-8,480E-4;0,250;0,000;0,000;0,000;0,0000;0,000;0,000;0,000;0,000;0,000;0,0000;0,000;0,000;0,002;-8,824E-4
0,300;0,000;0,000;0,000;0,0000;0,000;0,000;0,000;0,000;0,000;0,0000;0,000;0,000;0,002;-8,754E-4;0,300;0,017;0,116;-0,194;4,1667E-4;0,003;-0,005;0,000;0,000;0,000;0,0000;0,000;0,000;0,002;-7,672E-4;0,300;0,000;0,000;0,000;0,0000;0,000;0,000;0,000;0,000;0,000;0,0000;0,000;0,000;0,002;-7,849E-4
0,350;0,000;0,000;0,000;0,0000;0,000;0,000;0,000;0,000;0,000;0,0000;0,000;0,000;0,002;-9,646E-4;0,350;0,017;0,058;0,194;4,1667E-4;0,001;0,005;0,000;0,000;0,000;0,0000;0,000;0,000;0,002;-8,514E-4;0,350;0,000;0,000;0,000;0,0000;0,000;0,000;0,000;0,000;0,000;0,0000;0,000;0,000;0,002;-7,391E-4
0,400;0,000;0,000;0,000;0,0000;0,000;0,000;0,000;0,000;0,000;0,0000;0,000;0,000;0,002;-8,006E-4;0,400;0,017;0,058;2,133;4,1667E-4;0,001;0,051;0,000;0,000;0,000;0,0000;0,000;0,000;0,002;-9,641E-4;0,400;0,000;0,000;0,000;0,0000;0,000;0,000;0,000;0,000;0,000;0,0000;0,000;0,000;0,002;-8,646E-4
0,450;0,000;0,000;0,000;0,0000;0,000;0,000;0,000;0,000;0,000;0,0000;0,000;0,000;0,002;-8,477E-4;0,450;0,017;0,233;5,236;4,1667E-4;0,006;0,125;0,000;0,000;0,000;0,0000;0,000;0,000;0,002;-8,219E-4;0,450;0,000;0,000;0,000;0,0000;0,000;0,000;0,000;0,000;0,000;0,0000;0,000;0,000;0,002;-8,017E-4
0,500;0,000;0,000;0,000;0,0000;0,000;0,000;0,000;0,000;0,000;0,0000;0,000;0,000;0,002;-9,643E-4;0,500;0,035;0,582;8,727;8,3333E-4;0,014;0,208;0,000;0,000;0,000;0,0000;0,000;0,000;0,002;-7,894E-4;0,500;0,000;0,000;0,000;0,0000;0,000;0,000;0,000;0,000;0,000;0,0000;0,000;0,000;0,002;-8,012E-4
0,550;0,000;0,000;0,194;0,0000;0,000;0,005;0,000;0,000;0,000;0,0000;0,000;0,000;0,002;-8,135E-4;0,550;0,070;1,105;12,023;0,0017;0,026;0,287;0,000;0,000;0,000;0,0000;0,000;0,000;0,002;-8,376E-4;0,550;0,000;0,000;0,000;0,0000;0,000;0,000;0,000;0,000;0,000;0,0000;0,000;0,000;0,002;-8,545E-4
0,600;0,000;0,000;1,164;0,0000;0,000;0,028;0,000;0,000;0,000;0,0000;0,000;0,000;0,002;-8,496E-4;0,600;0,140;1,804;14,544;0,0033;0,043;0,347;0,000;0,000;0,000;0,0000;0,000;0,000;0,002;-8,046E-4;0,600;0,000;0,000;0,000;0,0000;0,000;0,000;0,000;0,000;0,000;0,0000;0,000;0,000;0,002;-8,194E-4
0,650;0,000;0,058;2,909;0,0000;0,001;0,069;0,000;0,000;0,000;0,0000;0,000;0,000;0,002;-8,757E-4;0,650;0,244;2,618;15,514;0,0058;0,062;0,370;0,000;0,000;0,000;0,0000;0,000;0,000;0,002;-8,781E-4;0,650;0,000;0,000;0,000;0,0000;0,000;0,000;0,000;0,000;0,000;0,0000;0,000;0,000;0,002;-8,686E-4
0,700;0,000;0,291;4,266;0,0000;0,007;0,102;0,000;0,000;0,000;0,0000;0,000;0,000;0,002;-8,173E-4;0,700;0,401;3,432;14,738;0,0096;0,082;0,352;0,000;0,000;0,000;0,0000;0,000;0,000;0,002;-8,022E-4;0,700;0,000;0,000;0,000;0,0000;0,000;0,000;0,000;0,000;0,000;0,0000;0,000;0,000;0,002;-8,126E-4
0,750;0,017;0,582;4,072;4,1667E-4;0,014;0,097;0,000;0,000;0,000;0,0000;0,000;0,000;0,002;-7,845E-4;0,750;0,593;4,131;14,350;0,0142;0,099;0,343;0,000;0,000;0,000;0,0000;0,000;0,000;0,002;-8,010E-4;0,750;0,000;0,000;0,000;0,0000;0,000;0,000;0,000;0,000;0,000;0,0000;0,000;0,000;0,002;-7,990E-4
0,800;0,070;0,756;2,715;0,0017;0,018;0,065;0,000;0,000;0,000;0,0000;0,000;0,000;0,002;-8,664E-4;0,800;0,820;4,712;16,872;0,0196;0,113;0,403;0,000;0,000;0,000;0,0000;0,000;0,000;0,002;-8,357E-4;0,800;0,000;0,000;0,000;0,0000;0,000;0,000;0,000;0,000;0,000;0,0000;0,000;0,000;0,002;-7,890E-4
0,850;0,105;0,814;1,939;0,0025;0,019;0,046;0,000;0,000;0,000;0,0000;0,000;0,000;0,002;-8,144E-4;0,850;1,065;5,643;20,168;0,0254;0,135;0,481;0,000;0,000;0,000;0,0000;0,000;0,000;0,002;-8,360E-4;0,850;0,000;0,000;0,194;0,0000;0,000;0,005;0,000;0,000;0,000;0,0000;0,000;0,000;0,002;-8,845E-4
0,900;0,140;0,873;2,715;0,0033;0,021;0,065;0,000;0,000;0,000;0,0000;0,000;0,000;0,002;-7,763E-4;0,900;1,344;6,981;16,484;0,0321;0,167;0,394;0,000;0,000;0,000;0,0000;0,000;0,000;0,002;-7,706E-4;0,900;0,000;0,000;0,582;0,0000;0,000;0,014;0,000;0,000;0,000;0,0000;0,000;0,000;0,002;-8,114E-4
0,950;0,192;1,047;4,654;0,0046;0,025;0,111;0,000;0,000;0,000;0,0000;0,000;0,000;0,002;-8,187E-4;0,950;1,763;7,912;0,388;0,0421;0,189;0,009;0,000;0,000;0,000;0,0000;0,000;0,000;0,002;-8,738E-4;0,950;0,000;0,058;0,776;0,0000;0,001;0,019;0,000;0,000;0,000;0,0000;0,000;0,000;0,002;-7,942E-4
1,000;0,244;1,338;6,787;0,0058;0,032;0,162;0,000;0,000;0,000;0,0000;0,000;0,000;0,002;-7,518E-4;1,000;2,217;7,389;-23,077;0,0529;0,176;-0,551;0,000;0,000;0,000;0,0000;0,000;0,000;0,002;-9,013E-4;1,000;0,000;0,116;0,388;0,0000;0,003;0,009;0,000;0,000;0,000;0,0000;0,000;0,000;0,002;-8,643E-4
1,050;0,314;1,745;8,533;0,0075;0,042;0,204;0,000;0,000;0,000;0,0000;0,000;0,000;0,002;-8,391E-4;1,050;2,566;5,352;-42,858;0,0612;0,128;-1,023;0,000;0,000;0,000;0,0000;0,000;0,000;0,002;-8,434E-4;1,050;0,017;0,116;0,000;4,1667E-4;0,003;0,000;0,000;0,000;0,000;0,0000;0,000;0,000;0,002;-8,266E-4
1,100;0,419;2,211;9,502;0,0100;0,053;0,227;0,000;0,000;0,000;0,0000;0,000;0,000;0,002;-8,285E-4;1,100;2,758;2,618;-52,554;0,0658;0,062;-1,255;0,000;0,000;0,000;0,0000;0,000;0,000;0,002;-8,366E-4;1,100;0,017;0,058;1,357;4,1667E-4;0,001;0,032;0,000;0,000;0,000;0,0000;0,000;0,000;0,002;-8,258E-4
1,150;0,541;2,734;8,727;0,0129;0,065;0,208;0,000;0,000;0,000;0,0000;0,000;0,000;0,002;-8,319E-4;1,150;2,827;-0,175;-53,717;0,0675;-0,004;-1,282;0,000;0,000;0,000;0,0000;0,000;0,000;0,002;-8,393E-4;1,150;0,017;0,116;5,042;4,1667E-4;0,003;0,120;0,000;0,000;0,000;0,0000;0,000;0,000;0,002;-8,521E-4
1,200;0,681;3,200;5,818;0,0163;0,076;0,139;0,000;0,000;0,000;0,0000;0,000;0,000;0,002;-8,119E-4;1,200;2,740;-2,851;-50,615;0,0654;-0,068;-1,208;0,000;0,000;0,000;0,0000;0,000;0,000;0,002;-7,663E-4;1,200;0,017;0,524;9,696;4,1667E-4;0,013;0,231;0,000;0,000;0,000;0,0000;0,000;0,000;0,002;-7,920E-4
1,250;0,873;3,374;2,909;0,0208;0,081;0,069;0,000;0,000;0,000;0,0000;0,000;0,000;0,002;-8,666E-4;1,250;2,531;-5,294;-45,766;0,0604;-0,126;-1,093;0,000;0,000;0,000;0,0000;0,000;0,000;0,002;-8,686E-4;1,250;0,052;1,164;12,799;0,0012;0,028;0,306;0,000;0,000;0,000;0,0000;0,000;0,000;0,002;-7,819E-4
1,300;1,047;3,316;3,491;0,0250;0,079;0,083;0,000;0,000;0,000;0,0000;0,000;0,000;0,002;-9,104E-4;1,300;2,199;-7,447;-39,561;0,0525;-0,178;-0,944;0,000;0,000;0,000;0,0000;0,000;0,000;0,002;-7,740E-4;1,300;0,140;1,920;13,381;0,0033;0,046;0,319;0,000;0,000;0,000;0,0000;0,000;0,000;0,002;-8,319E-4
1,350;1,187;3,491;6,787;0,0283;0,083;0,162;0,000;0,000;0,000;0,0000;0,000;0,000;0,002;-7,819E-4;1,350;1,780;-9,308;-31,804;0,0425;-0,222;-0,759;0,000;0,000;0,000;0,0000;0,000;0,000;0,002;-8,342E-4;1,350;0,244;2,560;13,187;0,0058;0,061;0,315;0,000;0,000;0,000;0,0000;0,000;0,000;0,002;-8,561E-4
1,400;1,361;4,131;6,206;0,0325;0,099;0,148;0,000;0,000;0,000;0,0000;0,000;0,000;0,002;-8,339E-4;1,400;1,257;-10,705;-22,301;0,0300;-0,256;-0,532;0,000;0,000;0,000;0,0000;0,000;0,000;0,002;-8,278E-4;1,400;0,401;3,142;14,350;0,0096;0,075;0,343;0,000;0,000;0,000;0,0000;0,000;0,000;0,002;-7,506E-4
1,450;1,606;4,596;-3,685;0,0383;0,110;-0,088;0,000;0,000;0,000;0,0000;0,000;0,000;0,002;-8,444E-4;1,450;0,681;-11,577;-11,636;0,0163;-0,276;-0,278;0,000;0,000;0,000;0,0000;0,000;0,000;0,002;-8,711E-4;1,450;0,559;3,898;16,678;0,0133;0,093;0,398;0,000;0,000;0,000;0,0000;0,000;0,000;0,002;-7,972E-4
1,500;1,868;4,072;-19,974;0,0446;0,097;-0,477;0,000;0,000;0,000;0,0000;0,000;0,000;0,002;-8,169E-4;1,500;0,087;-11,868;-0,582;0,0021;-0,283;-0,014;0,000;0,000;0,000;0,0000;0,000;0,000;0,002;-8,750E-4;1,500;0,768;4,887;15,902;0,0183;0,117;0,380;0,000;0,000;0,000;0,0000;0,000;0,000;0,002;-7,559E-4
1,550;2,059;2,443;-34,131;0,0492;0,058;-0,815;0,000;0,000;0,000;0,0000;0,000;0,000;0,002;-8,169E-4;1,550;-0,524;-11,636;10,860;-0,0125;-0,278;0,259;0,000;0,000;0,000;0,0000;0,000;0,000;0,002;-7,532E-4;1,550;1,047;5,818;7,757;0,0250;0,139;0,185;0,000;0,000;0,000;0,0000;0,000;0,000;0,002;-8,185E-4
1,600;2,129;0,291;-40,724;0,0508;0,007;-0,972;0,000;0,000;0,000;0,0000;0,000;0,000;0,002;-9,331E-4;1,600;-1,100;-10,821;22,495;-0,0262;-0,258;0,537;0,000;0,000;0,000;0,0000;0,000;0,000;0,002;-7,883E-4;1,600;1,379;5,992;-7,369;0,0329;0,143;-0,176;0,000;0,000;0,000;0,0000;0,000;0,000;0,002;-7,915E-4
1,650;2,077;-1,862;-40,724;0,0496;-0,044;-0,972;0,000;0,000;0,000;0,0000;0,000;0,000;0,002;-9,410E-4;1,650;-1,623;-9,367;33,355;-0,0387;-0,224;0,796;0,000;0,000;0,000;0,0000;0,000;0,000;0,002;-8,396E-4;1,650;1,693;5,120;-24,047;0,0404;0,122;-0,574;0,000;0,000;0,000;0,0000;0,000;0,000;0,002;-7,718E-4
1,700;1,937;-3,840;-37,428;0,0462;-0,092;-0,894;0,000;0,000;0,000;0,0000;0,000;0,000;0,002;-8,348E-4;1,700;-2,059;-7,389;42,082;-0,0492;-0,176;1,005;0,000;0,000;0,000;0,0000;0,000;0,000;0,002;-7,786E-4;1,700;1,920;3,374;-36,070;0,0458;0,081;-0,861;0,000;0,000;0,000;0,0000;0,000;0,000;0,002;-6,835E-4
1,750;1,693;-5,643;-32,579;0,0404;-0,135;-0,778;0,000;0,000;0,000;0,0000;0,000;0,000;0,002;-9,292E-4;1,750;-2,374;-5,061;47,900;-0,0567;-0,121;1,144;0,000;0,000;0,000;0,0000;0,000;0,000;0,002;-7,906E-4;1,750;2,042;1,222;-41,112;0,0487;0,029;-0,981;0,000;0,000;0,000;0,0000;0,000;0,000;0,002;-8,115E-4
1,800;1,361;-7,156;-26,374;0,0325;-0,171;-0,630;0,000;0,000;0,000;0,0000;0,000;0,000;0,002;-8,800E-4;1,800;-2,566;-2,502;50,808;-0,0612;-0,060;1,213;0,000;0,000;0,000;0,0000;0,000;0,000;0,002;-8,550E-4;1,800;2,042;-0,931;-40,530;0,0487;-0,022;-0,968;0,000;0,000;0,000;0,0000;0,000;0,000;0,002;-8,486E-4
1,850;0,960;-8,319;-18,811;0,0229;-0,199;-0,449;0,000;0,000;0,000;0,0000;0,000;0,000;0,002;-8,174E-4;1,850;-2,635;0,116;51,002;-0,0629;0,003;1,218;0,000;0,000;0,000;0,0000;0,000;0,000;0,002;-7,840E-4;1,850;1,937;-2,909;-37,234;0,0462;-0,069;-0,889;0,000;0,000;0,000;0,0000;0,000;0,000;0,002;-7,938E-4
1,900;0,524;-9,076;-10,084;0,0125;-0,217;-0,241;0,000;0,000;0,000;0,0000;0,000;0,000;0,002;-8,543E-4;1,900;-2,548;2,676;48,481;-0,0608;0,064;1,157;0,000;0,000;0,000;0,0000;0,000;0,000;0,002;-7,704E-4;1,900;1,745;-4,654;-32,967;0,0417;-0,111;-0,787;0,000;0,000;0,000;0,0000;0,000;0,000;0,002;-7,395E-4
1,950;0,035;-9,367;-0,388;8,3333E-4;-0,224;-0,009;0,000;0,000;0,000;0,0000;0,000;0,000;0,002;-7,967E-4;1,950;-2,356;5,061;43,439;-0,0562;0,121;1,037;0,000;0,000;0,000;0,0000;0,000;0,000;0,002;-8,904E-4;1,950;1,466;-6,225;-27,731;0,0350;-0,149;-0,662;0,000;0,000;0,000;0,0000;0,000;0,000;0,002;-8,394E-4
2,000;-0,436;-9,134;9,502;-0,0104;-0,218;0,227;0,000;0,000;0,000;0,0000;0,000;0,000;0,002;-9,074E-4;2,000;-2,042;7,098;36,264;-0,0487;0,169;0,866;0,000;0,000;0,000;0,0000;0,000;0,000;0,002;-8,359E-4;2,000;1,117;-7,505;-20,944;0,0267;-0,179;-0,500;0,000;0,000;0,000;0,0000;0,000;0,000;0,002;-8,162E-4
2,050;-0,890;-8,378;18,811;-0,0212;-0,200;0,449;0,000;0,000;0,000;0,0000;0,000;0,000;0,002;-9,090E-4;2,050;-1,623;8,727;27,731;-0,0387;0,208;0,662;0,000;0,000;0,000;0,0000;0,000;0,000;0,002;-7,398E-4;2,050;0,698;-8,378;-12,605;0,0167;-0,200;-0,301;0,000;0,000;0,000;0,0000;0,000;0,000;0,002;-8,135E-4
2,100;-1,292;-7,214;26,956;-0,0308;-0,172;0,644;0,000;0,000;0,000;0,0000;0,000;0,000;0,002;-8,391E-4;2,100;-1,152;9,890;18,617;-0,0275;0,236;0,444;0,000;0,000;0,000;0,0000;0,000;0,000;0,002;-8,625E-4;2,100;0,262;-8,785;-3,685;0,0062;-0,210;-0,088;0,000;0,000;0,000;0,0000;0,000;0,000;0,002;-7,684E-4
2,150;-1,623;-5,643;33,549;-0,0387;-0,135;0,801;0,000;0,000;0,000;0,0000;0,000;0,000;0,002;-8,845E-4;2,150;-0,628;10,588;8,727;-0,0150;0,253;0,208;0,000;0,000;0,000;0,0000;0,000;0,000;0,002;-8,128E-4;2,150;-0,192;-8,727;5,042;-0,0046;-0,208;0,120;0,000;0,000;0,000;0,0000;0,000;0,000;0,002;-8,679E-4
2,200;-1,868;-3,782;38,009;-0,0446;-0,090;0,907;0,000;0,000;0,000;0,0000;0,000;0,000;0,002;-7,981E-4;2,200;-0,070;10,821;-1,939;-0,0017;0,258;-0,046;0,000;0,000;0,000;0,0000;0,000;0,000;0,002;-7,945E-4;2,200;-0,628;-8,261;13,381;-0,0150;-0,197;0,319;0,000;0,000;0,000;0,0000;0,000;0,000;0,002;-8,931E-4
2,250;-2,007;-1,745;39,755;-0,0479;-0,042;0,949;0,000;0,000;0,000;0,0000;0,000;0,000;0,002;-8,301E-4;2,250;0,471;10,414;-12,799;0,0112;0,249;-0,306;0,000;0,000;0,000;0,0000;0,000;0,000;0,002;-8,189E-4;2,250;-1,030;-7,389;21,332;-0,0246;-0,176;0,509;0,000;0,000;0,000;0,0000;0,000;0,000;0,002;-8,291E-4
2,300;-2,042;0,291;38,979;-0,0487;0,007;0,931;0,000;0,000;0,000;0,0000;0,000;0,000;0,002;-7,974E-4;2,300;0,995;9,483;-22,883;0,0237;0,226;-0,546;0,000;0,000;0,000;0,0000;0,000;0,000;0,002;-7,954E-4;2,300;-1,379;-6,109;28,507;-0,0329;-0,146;0,681;0,000;0,000;0,000;0,0000;0,000;0,000;0,002;-8,148E-4
2,350;-1,972;2,211;36,070;-0,0471;0,053;0,861;0,000;0,000;0,000;0,0000;0,000;0,000;0,002;-8,477E-4;2,350;1,431;8,087;-31,416;0,0342;0,193;-0,750;0,000;0,000;0,000;0,0000;0,000;0,000;0,002;-7,650E-4;2,350;-1,658;-4,480;33,937;-0,0396;-0,107;0,810;0,000;0,000;0,000;0,0000;0,000;0,000;0,002;-8,614E-4
2,400;-1,815;3,956;31,610;-0,0433;0,094;0,755;0,000;0,000;0,000;0,0000;0,000;0,000;0,002;-8,663E-4;2,400;1,815;6,283;-38,203;0,0433;0,150;-0,912;0,000;0,000;0,000;0,0000;0,000;0,000;0,002;-8,055E-4;2,400;-1,833;-2,618;36,846;-0,0437;-0,063;0,880;0,000;0,000;0,000;0,0000;0,000;0,000;0,002;-8,139E-4
2,450;-1,571;5,411;25,986;-0,0375;0,129;0,620;0,000;0,000;0,000;0,0000;0,000;0,000;0,002;-8,888E-4;2,450;2,077;4,189;-42,664;0,0496;0,100;-1,019;0,000;0,000;0,000;0,0000;0,000;0,000;0,002;-8,613E-4;2,450;-1,920;-0,698;37,234;-0,0458;-0,017;0,889;0,000;0,000;0,000;0,0000;0,000;0,000;0,002;-8,373E-4
2,500;-1,257;6,574;19,586;-0,0300;0,157;0,468;0,000;0,000;0,000;0,0000;0,000;0,000;0,002;-8,638E-4;2,500;2,234;1,920;-44,797;0,0533;0,046;-1,069;0,000;0,000;0,000;0,0000;0,000;0,000;0,002;-8,725E-4;2,500;-1,902;1,164;35,488;-0,0454;0,028;0,847;0,000;0,000;0,000;0,0000;0,000;0,000;0,002;-8,341E-4
2,550;-0,908;7,389;12,799;-0,0217;0,176;0,306;0,000;0,000;0,000;0,0000;0,000;0,000;0,002;-8,174E-4;2,550;2,269;-0,349;-44,797;0,0542;-0,008;-1,069;0,000;0,000;0,000;0,0000;0,000;0,000;0,002;-7,976E-4;2,550;-1,798;2,909;32,192;-0,0429;0,069;0,769;0,000;0,000;0,000;0,0000;0,000;0,000;0,002;-7,529E-4
2,600;-0,506;7,854;5,624;-0,0121;0,187;0,134;0,000;0,000;0,000;0,0000;0,000;0,000;0,002;-8,874E-4;2,600;2,199;-2,618;-42,664;0,0525;-0,062;-1,019;0,000;0,000;0,000;0,0000;0,000;0,000;0,002;-7,527E-4;2,600;-1,606;4,422;27,731;-0,0383;0,106;0,662;0,000;0,000;0,000;0,0000;0,000;0,000;0,002;-7,922E-4
2,650;-0,105;7,970;-1,745;-0,0025;0,190;-0,042;0,000;0,000;0,000;0,0000;0,000;0,000;0,002;-9,496E-4;2,650;2,007;-4,712;-38,203;0,0479;-0,113;-0,912;0,000;0,000;0,000;0,0000;0,000;0,000;0,002;-7,793E-4;2,650;-1,344;5,701;22,495;-0,0321;0,136;0,537;0,000;0,000;0,000;0,0000;0,000;0,000;0,002;-7,166E-4
2,700;0,297;7,679;-9,502;0,0071;0,183;-0,227;0,000;0,000;0,000;0,0000;0,000;0,000;0,002;-8,979E-4;2,700;1,710;-6,516;-31,804;0,0408;-0,156;-0,759;0,000;0,000;0,000;0,0000;0,000;0,000;0,002;-7,963E-4;2,700;-1,030;6,690;16,484;-0,0246;0,160;0,394;0,000;0,000;0,000;0,0000;0,000;0,000;0,002;-8,784E-4
2,750;0,681;7,039;-17,647;0,0163;0,168;-0,421;0,000;0,000;0,000;0,0000;0,000;0,000;0,002;-7,359E-4;2,750;1,344;-7,912;-24,435;0,0321;-0,189;-0,583;0,000;0,000;0,000;0,0000;0,000;0,000;0,002;-8,312E-4;2,750;-0,663;7,389;9,502;-0,0158;0,176;0,227;0,000;0,000;0,000;0,0000;0,000;0,000;0,002;-7,650E-4
2,800;1,012;5,934;-25,598;0,0242;0,142;-0,611;0,000;0,000;0,000;0,0000;0,000;0,000;0,002;-8,607E-4;2,800;0,908;-8,959;-16,290;0,0217;-0,214;-0,389;0,000;0,000;0,000;0,0000;0,000;0,000;0,002;-9,076E-4;2,800;-0,279;7,679;1,939;-0,0067;0,183;0,046;0,000;0,000;0,000;0,0000;0,000;0,000;0,002;-7,531E-4
2,850;1,292;4,422;-31,998;0,0308;0,106;-0,764;0,000;0,000;0,000;0,0000;0,000;0,000;0,002;-9,165E-4;2,850;0,436;-9,599;-7,175;0,0104;-0,229;-0,171;0,000;0,000;0,000;0,0000;0,000;0,000;0,002;-7,838E-4;2,850;0,122;7,563;-5,624;0,0029;0,181;-0,134;0,000;0,000;0,000;0,0000;0,000;0,000;0,002;-7,987E-4
2,900;1,466;2,618;-35,294;0,0350;0,063;-0,843;0,000;0,000;0,000;0,0000;0,000;0,000;0,002;-9,054E-4;2,900;-0,070;-9,716;2,715;-0,0017;-0,232;0,065;0,000;0,000;0,000;0,0000;0,000;0,000;0,002;-8,416E-4;2,900;0,489;7,098;-12,605;0,0117;0,169;-0,301;0,000;0,000;0,000;0,0000;0,000;0,000;0,002;-8,003E-4
2,950;1,553;0,756;-35,488;0,0371;0,018;-0,847;0,000;0,000;0,000;0,0000;0,000;0,000;0,002;-8,534E-4;2,950;-0,559;-9,308;12,411;-0,0133;-0,222;0,296;0,000;0,000;0,000;0,0000;0,000;0,000;0,002;-7,541E-4;2,950;0,838;6,283;-19,199;0,0200;0,150;-0,458;0,000;0,000;0,000;0,0000;0,000;0,000;0,002;-8,500E-4
3,000;1,536;-0,989;-33,355;0,0367;-0,024;-0,796;0,000;0,000;0,000;0,0000;0,000;0,000;0,002;-7,788E-4;3,000;-1,012;-8,436;21,138;-0,0242;-0,201;0,505;0,000;0,000;0,000;0,0000;0,000;0,000;0,002;-8,332E-4;3,000;1,134;5,178;-25,210;0,0271;0,124;-0,602;0,000;0,000;0,000;0,0000;0,000;0,000;0,002;-7,951E-4
3,050;1,449;-2,618;-29,865;0,0346;-0,063;-0,713;0,000;0,000;0,000;0,0000;0,000;0,000;0,002;-8,689E-4;3,050;-1,414;-7,156;28,701;-0,0337;-0,171;0,685;0,000;0,000;0,000;0,0000;0,000;0,000;0,002;-7,638E-4;3,050;1,361;3,723;-29,865;0,0325;0,089;-0,713;0,000;0,000;0,000;0,0000;0,000;0,000;0,002;-8,198E-4
3,100;1,274;-4,014;-25,404;0,0304;-0,096;-0,606;0,000;0,000;0,000;0,0000;0,000;0,000;0,002;-7,999E-4;3,100;-1,745;-5,527;35,101;-0,0417;-0,132;0,838;0,000;0,000;0,000;0,0000;0,000;0,000;0,002;-8,226E-4;3,100;1,518;2,094;-32,192;0,0362;0,050;-0,769;0,000;0,000;0,000;0,0000;0,000;0,000;0,002;-8,046E-4
3,150;1,030;-5,178;-19,974;0,0246;-0,124;-0,477;0,000;0,000;0,000;0,0000;0,000;0,000;0,002;-8,323E-4;3,150;-1,972;-3,607;39,755;-0,0471;-0,086;0,949;0,000;0,000;0,000;0,0000;0,000;0,000;0,002;-7,427E-4;3,150;1,571;0,407;-31,998;0,0375;0,010;-0,764;0,000;0,000;0,000;0,0000;0,000;0,000;0,002;-9,571E-4
3,200;0,750;-6,050;-13,769;0,0179;-0,144;-0,329;0,000;0,000;0,000;0,0000;0,000;0,000;0,002;-7,847E-4;3,200;-2,112;-1,454;41,694;-0,0504;-0,035;0,995;0,000;0,000;0,000;0,0000;0,000;0,000;0,002;-7,913E-4;3,200;1,553;-1,164;-30,252;0,0371;-0,028;-0,722;0,000;0,000;0,000;0,0000;0,000;0,000;0,002;-8,282E-4
3,250;0,419;-6,574;-7,175;0,0100;-0,157;-0,171;0,000;0,000;0,000;0,0000;0,000;0,000;0,002;-8,146E-4;3,250;-2,129;0,698;40,336;-0,0508;0,017;0,963;0,000;0,000;0,000;0,0000;0,000;0,000;0,002;-8,484E-4;3,250;1,449;-2,618;-27,537;0,0346;-0,063;-0,657;0,000;0,000;0,000;0,0000;0,000;0,000;0,002;-7,851E-4
3,300;0,070;-6,749;-0,776;0,0017;-0,161;-0,019;0,000;0,000;0,000;0,0000;0,000;0,000;0,002;-8,634E-4;3,300;-2,025;2,676;36,458;-0,0483;0,064;0,870;0,000;0,000;0,000;0,0000;0,000;0,000;0,002;-8,459E-4;3,300;1,292;-3,956;-24,047;0,0308;-0,094;-0,574;0,000;0,000;0,000;0,0000;0,000;0,000;0,002;-7,184E-4
3,350;-0,262;-6,632;5,430;-0,0062;-0,158;0,130;0,000;0,000;0,000;0,0000;0,000;0,000;0,002;-7,851E-4;3,350;-1,850;4,363;31,610;-0,0442;0,104;0,755;0,000;0,000;0,000;0,0000;0,000;0,000;0,002;-8,389E-4;3,350;1,047;-5,061;-19,586;0,0250;-0,121;-0,468;0,000;0,000;0,000;0,0000;0,000;0,000;0,002;-8,761E-4
3,400;-0,593;-6,225;11,636;-0,0142;-0,149;0,278;0,000;0,000;0,000;0,0000;0,000;0,000;0,002;-8,655E-4;3,400;-1,588;5,818;26,374;-0,0379;0,139;0,630;0,000;0,000;0,000;0,0000;0,000;0,000;0,002;-8,357E-4;3,400;0,768;-5,934;-14,350;0,0183;-0,142;-0,343;0,000;0,000;0,000;0,0000;0,000;0,000;0,002;-8,491E-4
3,450;-0,908;-5,469;17,647;-0,0217;-0,131;0,421;0,000;0,000;0,000;0,0000;0,000;0,000;0,002;-8,568E-4;3,450;-1,257;7,039;20,556;-0,0300;0,168;0,491;0,000;0,000;0,000;0,0000;0,000;0,000;0,002;-8,772E-4;3,450;0,454;-6,516;-8,339;0,0108;-0,156;-0,199;0,000;0,000;0,000;0,0000;0,000;0,000;0,002;-8,208E-4
3,500;-1,152;-4,422;22,883;-0,0275;-0,106;0,546;0,000;0,000;0,000;0,0000;0,000;0,000;0,002;-8,875E-4;3,500;-0,873;7,912;13,769;-0,0208;0,189;0,329;0,000;0,000;0,000;0,0000;0,000;0,000;0,002;-7,888E-4;3,500;0,105;-6,807;-1,357;0,0025;-0,163;-0,032;0,000;0,000;0,000;0,0000;0,000;0,000;0,002;-8,487E-4
3,550;-1,344;-3,142;26,956;-0,0321;-0,075;0,644;0,000;0,000;0,000;0,0000;0,000;0,000;0,002;-8,652E-4;3,550;-0,454;8,436;6,012;-0,0108;0,201;0,144;0,000;0,000;0,000;0,0000;0,000;0,000;0,002;-8,809E-4;3,550;-0,244;-6,690;5,818;-0,0058;-0,160;0,139;0,000;0,000;0,000;0,0000;0,000;0,000;0,002;-8,512E-4
3,600;-1,484;-1,687;29,477;-0,0354;-0,040;0,704;0,000;0,000;0,000;0,0000;0,000;0,000;0,002;-8,670E-4;3,600;-0,017;8,552;-2,521;-4,1667E-4;0,204;-0,060;0,000;0,000;0,000;0,0000;0,000;0,000;0,002;-7,996E-4;3,600;-0,576;-6,167;12,411;-0,0137;-0,147;0,296;0,000;0,000;0,000;0,0000;0,000;0,000;0,002;-7,906E-4
3,650;-1,518;-0,116;29,865;-0,0362;-0,003;0,713;0,000;0,000;0,000;0,0000;0,000;0,000;0,002;-8,698E-4;3,650;0,419;8,203;-11,248;0,0100;0,196;-0,269;0,000;0,000;0,000;0,0000;0,000;0,000;0,002;-8,777E-4;3,650;-0,873;-5,411;18,229;-0,0208;-0,129;0,435;0,000;0,000;0,000;0,0000;0,000;0,000;0,002;-7,650E-4
3,700;-1,484;1,396;28,119;-0,0354;0,033;0,671;0,000;0,000;0,000;0,0000;0,000;0,000;0,002;-8,341E-4;3,700;0,820;7,389;-19,199;0,0196;0,176;-0,458;0,000;0,000;0,000;0,0000;0,000;0,000;0,002;-8,021E-4;3,700;-1,117;-4,363;23,465;-0,0267;-0,104;0,560;0,000;0,000;0,000;0,0000;0,000;0,000;0,002;-7,368E-4
3,750;-1,379;2,734;24,629;-0,0329;0,065;0,588;0,000;0,000;0,000;0,0000;0,000;0,000;0,002;-8,439E-4;3,750;1,169;6,225;-25,792;0,0279;0,149;-0,616;0,000;0,000;0,000;0,0000;0,000;0,000;0,002;-8,709E-4;3,750;-1,326;-3,025;27,731;-0,0317;-0,072;0,662;0,000;0,000;0,000;0,0000;0,000;0,000;0,002;-8,158E-4
3,800;-1,204;3,898;19,974;-0,0287;0,093;0,477;0,000;0,000;0,000;0,0000;0,000;0,000;0,002;-7,913E-4;3,800;1,449;4,771;-31,028;0,0346;0,114;-0,741;0,000;0,000;0,000;0,0000;0,000;0,000;0,002;-8,634E-4;3,800;-1,431;-1,513;29,671;-0,0342;-0,036;0,708;0,000;0,000;0,000;0,0000;0,000;0,000;0,002;-7,979E-4
3,850;-0,977;4,771;14,738;-0,0233;0,114;0,352;0,000;0,000;0,000;0,0000;0,000;0,000;0,002;-8,604E-4;3,850;1,658;3,083;-34,713;0,0396;0,074;-0,829;0,000;0,000;0,000;0,0000;0,000;0,000;0,002;-7,922E-4;3,850;-1,466;0,058;28,895;-0,0350;0,001;0,690;0,000;0,000;0,000;0,0000;0,000;0,000;0,002;-7,477E-4
3,900;-0,716;5,352;9,696;-0,0171;0,128;0,231;0,000;0,000;0,000;0,0000;0,000;0,000;0,002;-8,532E-4;3,900;1,763;1,222;-36,264;0,0421;0,029;-0,866;0,000;0,000;0,000;0,0000;0,000;0,000;0,002;-7,876E-4;3,900;-1,431;1,454;25,986;-0,0342;0,035;0,620;0,000;0,000;0,000;0,0000;0,000;0,000;0,002;-7,472E-4
3,950;-0,436;5,701;5,042;-0,0104;0,136;0,120;0,000;0,000;0,000;0,0000;0,000;0,000;0,002;-8,176E-4;3,950;1,780;-0,640;-35,488;0,0425;-0,015;-0,847;0,000;0,000;0,000;0,0000;0,000;0,000;0,002;-7,962E-4;3,950;-1,309;2,676;21,914;-0,0312;0,064;0,523;0,000;0,000;0,000;0,0000;0,000;0,000;0,002;-8,203E-4
4,000;-0,140;5,876;-0,194;-0,0033;0,140;-0,005;0,000;0,000;0,000;0,0000;0,000;0,000;0,002;-8,110E-4;4,000;1,693;-2,385;-32,579;0,0404;-0,057;-0,778;0,000;0,000;0,000;0,0000;0,000;0,000;0,002;-7,890E-4;4,000;-1,152;3,665;17,647;-0,0275;0,087;0,421;0,000;0,000;0,000;0,0000;0,000;0,000;0,002;-8,754E-4
4,050;0,157;5,760;-6,400;0,0037;0,137;-0,153;0,000;0,000;0,000;0,0000;0,000;0,000;0,002;-7,711E-4;4,050;1,536;-3,956;-28,313;0,0367;-0,094;-0,676;0,000;0,000;0,000;0,0000;0,000;0,000;0,002;-8,604E-4;4,050;-0,942;4,422;13,381;-0,0225;0,106;0,319;0,000;0,000;0,000;0,0000;0,000;0,000;0,002;-8,698E-4
4,100;0,454;5,236;-12,799;0,0108;0,125;-0,306;0,000;0,000;0,000;0,0000;0,000;0,000;0,002;-8,017E-4;4,100;1,292;-5,236;-23,271;0,0308;-0,125;-0,556;0,000;0,000;0,000;0,0000;0,000;0,000;0,002;-7,951E-4;4,100;-0,698;5,003;9,114;-0,0167;0,119;0,218;0,000;0,000;0,000;0,0000;0,000;0,000;0,002;-7,870E-4
4,150;0,698;4,422;-18,035;0,0167;0,106;-0,431;0,000;0,000;0,000;0,0000;0,000;0,000;0,002;-8,090E-4;4,150;0,995;-6,283;-17,647;0,0237;-0,150;-0,421;0,000;0,000;0,000;0,0000;0,000;0,000;0,002;-8,074E-4;4,150;-0,436;5,352;4,654;-0,0104;0,128;0,111;0,000;0,000;0,000;0,0000;0,000;0,000;0,002;-8,359E-4
4,200;0,890;3,374;-21,720;0,0212;0,081;-0,519;0,000;0,000;0,000;0,0000;0,000;0,000;0,002;-7,892E-4;4,200;0,663;-7,039;-11,248;0,0158;-0,168;-0,269;0,000;0,000;0,000;0,0000;0,000;0,000;0,002;-7,949E-4;4,200;-0,157;5,469;-0,194;-0,0037;0,131;-0,005;0,000;0,000;0,000;0,0000;0,000;0,000;0,002;-7,681E-4
4,250;1,047;2,211;-24,047;0,0250;0,053;-0,574;0,000;0,000;0,000;0,0000;0,000;0,000;0,002;-8,516E-4;4,250;0,279;-7,447;-3,879;0,0067;-0,178;-0,093;0,000;0,000;0,000;0,0000;0,000;0,000;0,002;-7,307E-4;4,250;0,122;5,352;-5,236;0,0029;0,128;-0,125;0,000;0,000;0,000;0,0000;0,000;0,000;0,002;-8,815E-4
4,300;1,117;0,931;-24,822;0,0267;0,022;-0,593;0,000;0,000;0,000;0,0000;0,000;0,000;0,002;-8,031E-4;4,300;-0,105;-7,447;3,685;-0,0025;-0,178;0,088;0,000;0,000;0,000;0,0000;0,000;0,000;0,002;-8,267E-4;4,300;0,384;4,945;-10,278;0,0092;0,118;-0,245;0,000;0,000;0,000;0,0000;0,000;0,000;0,002;-8,559E-4
4,350;1,134;-0,349;-24,241;0,0271;-0,008;-0,579;0,000;0,000;0,000;0,0000;0,000;0,000;0,002;-8,357E-4;4,350;-0,471;-7,039;11,054;-0,0112;-0,168;0,264;0,000;0,000;0,000;0,0000;0,000;0,000;0,002;-7,752E-4;4,350;0,628;4,305;-14,932;0,0150;0,103;-0,356;0,000;0,000;0,000;0,0000;0,000;0,000;0,002;-7,962E-4
4,400;1,082;-1,513;-22,495;0,0258;-0,036;-0,537;0,000;0,000;0,000;0,0000;0,000;0,000;0,002;-8,334E-4;4,400;-0,820;-6,341;18,423;-0,0196;-0,151;0,440;0,000;0,000;0,000;0,0000;0,000;0,000;0,002;-7,602E-4;4,400;0,820;3,432;-18,811;0,0196;0,082;-0,449;0,000;0,000;0,000;0,0000;0,000;0,000;0,002;-8,092E-4
4,450;0,977;-2,618;-19,974;0,0233;-0,063;-0,477;0,000;0,000;0,000;0,0000;0,000;0,000;0,002;-8,457E-4;4,450;-1,117;-5,236;25,598;-0,0267;-0,125;0,611;0,000;0,000;0,000;0,0000;0,000;0,000;0,002;-8,532E-4;4,450;0,977;2,385;-21,720;0,0233;0,057;-0,519;0,000;0,000;0,000;0,0000;0,000;0,000;0,002;-7,715E-4
4,500;0,820;-3,549;-16,678;0,0196;-0,085;-0,398;0,000;0,000;0,000;0,0000;0,000;0,000;0,002;-9,242E-4;4,500;-1,361;-3,723;31,416;-0,0325;-0,089;0,750;0,000;0,000;0,000;0,0000;0,000;0,000;0,002;-7,563E-4;4,500;1,065;1,222;-23,271;0,0254;0,029;-0,556;0,000;0,000;0,000;0,0000;0,000;0,000;0,002;-7,667E-4
4,550;0,611;-4,305;-12,411;0,0146;-0,103;-0,296;0,000;0,000;0,000;0,0000;0,000;0,000;0,002;-8,373E-4;4,550;-1,501;-1,978;34,131;-0,0358;-0,047;0,815;0,000;0,000;0,000;0,0000;0,000;0,000;0,002;-7,983E-4;4,550;1,100;0,000;-23,271;0,0262;0,000;-0,556;0,000;0,000;0,000;0,0000;0,000;0,000;0,002;-8,541E-4
4,600;0,384;-4,829;-7,369;0,0092;-0,115;-0,176;0,000;0,000;0,000;0,0000;0,000;0,000;0,002;-8,230E-4;4,600;-1,553;-0,175;33,355;-0,0371;-0,004;0,796;0,000;0,000;0,000;0,0000;0,000;0,000;0,002;-7,556E-4;4,600;1,065;-1,164;-21,526;0,0254;-0,028;-0,514;0,000;0,000;0,000;0,0000;0,000;0,000;0,002;-8,398E-4
4,650;0,122;-5,061;-1,745;0,0029;-0,121;-0,042;0,000;0,000;0,000;0,0000;0,000;0,000;0,002;-8,137E-4;4,650;-1,518;1,454;29,865;-0,0362;0,035;0,713;0,000;0,000;0,000;0,0000;0,000;0,000;0,002;-7,840E-4;4,650;0,977;-2,211;-18,423;0,0233;-0,053;-0,440;0,000;0,000;0,000;0,0000;0,000;0,000;0,002;-8,368E-4
4,700;-0,140;-5,003;3,879;-0,0033;-0,119;0,093;0,000;0,000;0,000;0,0000;0,000;0,000;0,002;-9,237E-4;4,700;-1,396;2,851;25,210;-0,0333;0,068;0,602;0,000;0,000;0,000;0,0000;0,000;0,000;0,002;-8,720E-4;4,700;0,838;-3,025;-14,738;0,0200;-0,072;-0,352;0,000;0,000;0,000;0,0000;0,000;0,000;0,002;-8,067E-4
4,750;-0,384;-4,654;8,921;-0,0092;-0,111;0,213;0,000;0,000;0,000;0,0000;0,000;0,000;0,002;-8,471E-4;4,750;-1,222;3,956;20,750;-0,0292;0,094;0,495;0,000;0,000;0,000;0,0000;0,000;0,000;0,002;-7,164E-4;4,750;0,663;-3,665;-11,054;0,0158;-0,087;-0,264;0,000;0,000;0,000;0,0000;0,000;0,000;0,002;-6,608E-4
4,800;-0,611;-4,072;12,993;-0,0146;-0,097;0,310;0,000;0,000;0,000;0,0000;0,000;0,000;0,002;-8,906E-4;4,800;-0,995;4,887;16,290;-0,0237;0,117;0,389;0,000;0,000;0,000;0,0000;0,000;0,000;0,002;-8,384E-4;4,800;0,471;-4,131;-7,369;0,0112;-0,099;-0,176;0,000;0,000;0,000;0,0000;0,000;0,000;0,002;-7,856E-4
4,850;-0,803;-3,316;15,902;-0,0192;-0,079;0,380;0,000;0,000;0,000;0,0000;0,000;0,000;0,002;-8,525E-4;4,850;-0,733;5,643;11,248;-0,0175;0,135;0,269;0,000;0,000;0,000;0,0000;0,000;0,000;0,002;-7,552E-4;4,850;0,244;-4,422;-3,103;0,0058;-0,106;-0,074;0,000;0,000;0,000;0,0000;0,000;0,000;0,002;-8,360E-4
4,900;-0,942;-2,443;17,841;-0,0225;-0,058;0,426;0,000;0,000;0,000;0,0000;0,000;0,000;0,002;-8,993E-4;4,900;-0,419;6,050;5,430;-0,0100;0,144;0,130;0,000;0,000;0,000;0,0000;0,000;0,000;0,002;-8,491E-4;4,900;0,017;-4,480;1,551;4,1667E-4;-0,107;0,037;0,000;0,000;0,000;0,0000;0,000;0,000;0,002;-8,051E-4
4,950;-1,047;-1,513;19,199;-0,0250;-0,036;0,458;0,000;0,000;0,000;0,0000;0,000;0,000;0,002;-9,017E-4;4,950;-0,105;6,167;-0,582;-0,0025;0,147;-0,014;0,000;0,000;0,000;0,0000;0,000;0,000;0,002;-7,783E-4;4,950;-0,209;-4,247;6,206;-0,0050;-0,101;0,148;0,000;0,000;0,000;0,0000;0,000;0,000;0,002;-8,035E-4
5,000;-1,100;-0,524;19,974;-0,0262;-0,013;0,477;0,000;0,000;0,000;0,0000;0,000;0,000;0,002;-8,400E-4;5,000;0,192;5,992;-6,593;0,0046;0,143;-0,157;0,000;0,000;0,000;0,0000;0,000;0,000;0,002;-8,435E-4;5,000;-0,419;-3,840;10,472;-0,0100;-0,092;0,250;0,000;0,000;0,000;0,0000;0,000;0,000;0,002;-7,953E-4
5,050;-1,100;0,524;19,780;-0,0262;0,013;0,472;0,000;0,000;0,000;0,0000;0,000;0,000;0,002;-8,099E-4;5,050;0,506;5,527;-12,605;0,0121;0,132;-0,301;0,000;0,000;0,000;0,0000;0,000;0,000;0,002;-8,160E-4;5,050;-0,593;-3,200;14,157;-0,0142;-0,076;0,338;0,000;0,000;0,000;0,0000;0,000;0,000;0,002;-8,301E-4
5,100;-1,047;1,513;18,229;-0,0250;0,036;0,435;0,000;0,000;0,000;0,0000;0,000;0,000;0,002;-8,435E-4;5,100;0,768;4,712;-17,841;0,0183;0,112;-0,426;0,000;0,000;0,000;0,0000;0,000;0,000;0,002;-8,121E-4;5,100;-0,750;-2,385;16,872;-0,0179;-0,057;0,403;0,000;0,000;0,000;0,0000;0,000;0,000;0,002;-7,856E-4
5,150;-0,942;2,385;15,320;-0,0225;0,057;0,366;0,000;0,000;0,000;0,0000;0,000;0,000;0,002;-8,026E-4;5,150;0,977;3,665;-21,720;0,0233;0,088;-0,519;0,000;0,000;0,000;0,0000;0,000;0,000;0,002;-8,221E-4;5,150;-0,838;-1,454;18,035;-0,0200;-0,035;0,431;0,000;0,000;0,000;0,0000;0,000;0,000;0,002;-7,679E-4
5,200;-0,803;3,083;11,636;-0,0192;0,074;0,278;0,000;0,000;0,000;0,0000;0,000;0,000;0,002;-9,060E-4;5,200;1,134;2,502;-24,241;0,0271;0,060;-0,579;0,000;0,000;0,000;0,0000;0,000;0,000;0,002;-9,099E-4;5,200;-0,890;-0,524;17,841;-0,0212;-0,013;0,426;0,000;0,000;0,000;0,0000;0,000;0,000;0,002;-8,693E-4
5,250;-0,628;3,549;7,757;-0,0150;0,085;0,185;0,000;0,000;0,000;0,0000;0,000;0,000;0,002;-8,836E-4;5,250;1,239;1,222;-25,792;0,0296;0,029;-0,616;0,000;0,000;0,000;0,0000;0,000;0,000;0,002;-8,738E-4;5,250;-0,890;0,349;16,678;-0,0212;0,008;0,398;0,000;0,000;0,000;0,0000;0,000;0,000;0,002;-7,963E-4
5,300;-0,436;3,840;4,266;-0,0104;0,092;0,102;0,000;0,000;0,000;0,0000;0,000;0,000;0,002;-8,285E-4;5,300;1,257;-0,116;-25,986;0,0300;-0,003;-0,620;0,000;0,000;0,000;0,0000;0,000;0,000;0,002;-8,004E-4;5,300;-0,855;1,164;14,932;-0,0204;0,028;0,356;0,000;0,000;0,000;0,0000;0,000;0,000;0,002;-8,552E-4
5,350;-0,244;3,956;1,164;-0,0058;0,094;0,028;0,000;0,000;0,000;0,0000;0,000;0,000;0,002;-8,017E-4;5,350;1,222;-1,454;-24,435;0,0292;-0,035;-0,583;0,000;0,000;0,000;0,0000;0,000;0,000;0,002;-8,502E-4;5,350;-0,768;1,862;12,799;-0,0183;0,044;0,306;0,000;0,000;0,000;0,0000;0,000;0,000;0,002;-8,241E-4
5,400;-0,035;3,956;-2,327;-8,3333E-4;0,094;-0,056;0,000;0,000;0,000;0,0000;0,000;0,000;0,002;-8,226E-4;5,400;1,117;-2,618;-21,526;0,0267;-0,063;-0,514;0,000;0,000;0,000;0,0000;0,000;0,000;0,002;-7,566E-4;5,400;-0,663;2,443;10,278;-0,0158;0,058;0,245;0,000;0,000;0,000;0,0000;0,000;0,000;0,002;-7,284E-4
5,450;0,157;3,782;-6,400;0,0037;0,090;-0,153;0,000;0,000;0,000;0,0000;0,000;0,000;0,002;-8,536E-4;5,450;0,942;-3,607;-17,841;0,0225;-0,086;-0,426;0,000;0,000;0,000;0,0000;0,000;0,000;0,002;-8,570E-4;5,450;-0,524;2,909;7,369;-0,0125;0,069;0,176;0,000;0,000;0,000;0,0000;0,000;0,000;0,002;-7,518E-4
5,500;0,349;3,316;-10,472;0,0083;0,079;-0,250;0,000;0,000;0,000;0,0000;0,000;0,000;0,002;-8,618E-4;5,500;0,750;-4,422;-13,575;0,0179;-0,106;-0,324;0,000;0,000;0,000;0,0000;0,000;0,000;0,002;-8,189E-4;5,500;-0,367;3,200;4,072;-0,0087;0,076;0,097;0,000;0,000;0,000;0,0000;0,000;0,000;0,002;-7,969E-4
5,550;0,506;2,676;-13,575;0,0121;0,064;-0,324;0,000;0,000;0,000;0,0000;0,000;0,000;0,002;-8,500E-4;5,550;0,506;-5,003;-8,339;0,0121;-0,119;-0,199;0,000;0,000;0,000;0,0000;0,000;0,000;0,002;-7,692E-4;5,550;-0,192;3,316;0,776;-0,0046;0,079;0,019;0,000;0,000;0,000;0,0000;0,000;0,000;0,002;-7,597E-4
5,600;0,611;1,920;-15,708;0,0146;0,046;-0,375;0,000;0,000;0,000;0,0000;0,000;0,000;0,002;-8,196E-4;5,600;0,227;-5,294;-2,715;0,0054;-0,126;-0,065;0,000;0,000;0,000;0,0000;0,000;0,000;0,002;-7,974E-4;5,600;-0,035;3,258;-2,133;-8,3333E-4;0,078;-0,051;0,000;0,000;0,000;0,0000;0,000;0,000;0,002;-7,345E-4
5,650;0,698;1,105;-17,259;0,0167;0,026;-0,412;0,000;0,000;0,000;0,0000;0,000;0,000;0,002;-8,389E-4;5,650;-0,035;-5,236;2,521;-8,3333E-4;-0,125;0,060;0,000;0,000;0,000;0,0000;0,000;0,000;0,002;-8,602E-4;5,650;0,140;3,083;-4,848;0,0033;0,074;-0,116;0,000;0,000;0,000;0,0000;0,000;0,000;0,002;-8,511E-4
5,700;0,733;0,175;-17,453;0,0175;0,004;-0,417;0,000;0,000;0,000;0,0000;0,000;0,000;0,002;-7,872E-4;5,700;-0,297;-5,003;7,369;-0,0071;-0,119;0,176;0,000;0,000;0,000;0,0000;0,000;0,000;0,002;-7,759E-4;5,700;0,279;2,793;-7,563;0,0067;0,067;-0,181;0,000;0,000;0,000;0,0000;0,000;0,000;0,002;-7,282E-4
5,750;0,716;-0,756;-15,708;0,0171;-0,018;-0,375;0,000;0,000;0,000;0,0000;0,000;0,000;0,002;-7,464E-4;5,750;-0,541;-4,538;12,023;-0,0129;-0,108;0,287;0,000;0,000;0,000;0,0000;0,000;0,000;0,002;-7,988E-4;5,750;0,419;2,327;-10,472;0,0100;0,056;-0,250;0,000;0,000;0,000;0,0000;0,000;0,000;0,002;-8,214E-4
5,800;0,646;-1,454;-12,799;0,0154;-0,035;-0,306;0,000;0,000;0,000;0,0000;0,000;0,000;0,002;-9,024E-4;5,800;-0,768;-3,782;16,096;-0,0183;-0,090;0,384;0,000;0,000;0,000;0,0000;0,000;0,000;0,002;-7,999E-4;5,800;0,524;1,745;-12,993;0,0125;0,042;-0,310;0,000;0,000;0,000;0,0000;0,000;0,000;0,002;-7,035E-4
5,850;0,559;-1,978;-10,278;0,0133;-0,047;-0,245;0,000;0,000;0,000;0,0000;0,000;0,000;0,002;-8,976E-4;5,850;-0,925;-2,851;18,811;-0,0221;-0,068;0,449;0,000;0,000;0,000;0,0000;0,000;0,000;0,002;-7,278E-4;5,850;0,593;0,989;-14,350;0,0142;0,024;-0,343;0,000;0,000;0,000;0,0000;0,000;0,000;0,002;-7,581E-4
5,900;0,454;-2,443;-8,339;0,0108;-0,058;-0,199;0,000;0,000;0,000;0,0000;0,000;0,000;0,002;-8,654E-4;5,900;-1,047;-1,862;20,556;-0,0250;-0,044;0,491;0,000;0,000;0,000;0,0000;0,000;0,000;0,002;-7,833E-4;5,900;0,628;0,233;-13,963;0,0150;0,006;-0,333;0,000;0,000;0,000;0,0000;0,000;0,000;0,002;-7,806E-4
5,950;0,314;-2,851;-6,012;0,0075;-0,068;-0,144;0,000;0,000;0,000;0,0000;0,000;0,000;0,002;-7,675E-4;5,950;-1,117;-0,814;21,720;-0,0267;-0,019;0,519;0,000;0,000;0,000;0,0000;0,000;0,000;0,002;-7,954E-4;5,950;0,611;-0,465;-12,023;0,0146;-0,011;-0,287;0,000;0,000;0,000;0,0000;0,000;0,000;0,002;-8,021E-4
6,000;0,157;-3,083;-2,909;0,0037;-0,074;-0,069;0,000;0,000;0,000;0,0000;0,000;0,000;0,002;-8,103E-4;6,000;-1,134;0,349;21,914;-0,0271;0,008;0,523;0,000;0,000;0,000;0,0000;0,000;0,000;0,002;-8,026E-4;6,000;0,576;-0,989;-9,890;0,0137;-0,024;-0,236;0,000;0,000;0,000;0,0000;0,000;0,000;0,002;-8,230E-4
6,050;0,000;-3,142;0,582;0,0000;-0,075;0,014;0,000;0,000;0,000;0,0000;0,000;0,000;0,002;-9,110E-4;6,050;-1,082;1,454;20,362;-0,0258;0,035;0,486;0,000;0,000;0,000;0,0000;0,000;0,000;0,002;-7,633E-4;6,050;0,506;-1,396;-8,145;0,0121;-0,033;-0,194;0,000;0,000;0,000;0,0000;0,000;0,000;0,002;-7,482E-4
6,100;-0,157;-3,025;4,072;-0,0037;-0,072;0,097;0,000;0,000;0,000;0,0000;0,000;0,000;0,002;-8,537E-4;6,100;-0,977;2,443;17,259;-0,0233;0,058;0,412;0,000;0,000;0,000;0,0000;0,000;0,000;0,002;-8,523E-4;6,100;0,436;-1,804;-6,593;0,0104;-0,043;-0,157;0,000;0,000;0,000;0,0000;0,000;0,000;0,002;-8,620E-4
6,150;-0,314;-2,734;7,369;-0,0075;-0,065;0,176;0,000;0,000;0,000;0,0000;0,000;0,000;0,002;-8,584E-4;6,150;-0,838;3,200;13,575;-0,0200;0,076;0,324;0,000;0,000;0,000;0,0000;0,000;0,000;0,002;-8,224E-4;6,150;0,332;-2,094;-4,460;0,0079;-0,050;-0,106;0,000;0,000;0,000;0,0000;0,000;0,000;0,002;-8,376E-4
6,200;-0,436;-2,269;10,084;-0,0104;-0,054;0,241;0,000;0,000;0,000;0,0000;0,000;0,000;0,002;-8,416E-4;6,200;-0,646;3,782;9,696;-0,0154;0,090;0,231;0,000;0,000;0,000;0,0000;0,000;0,000;0,002;-7,962E-4;6,200;0,209;-2,269;-1,745;0,0050;-0,054;-0,042;0,000;0,000;0,000;0,0000;0,000;0,000;0,002;-8,158E-4
6,250;-0,541;-1,687;12,023;-0,0129;-0,040;0,287;0,000;0,000;0,000;0,0000;0,000;0,000;0,002;-8,527E-4;6,250;-0,454;4,189;5,818;-0,0108;0,100;0,139;0,000;0,000;0,000;0,0000;0,000;0,000;0,002;-7,845E-4;6,250;0,105;-2,269;0,970;0,0025;-0,054;0,023;0,000;0,000;0,000;0,0000;0,000;0,000;0,002;-8,409E-4
6,300;-0,611;-1,047;12,993;-0,0146;-0,025;0,310;0,000;0,000;0,000;0,0000;0,000;0,000;0,002;-8,328E-4;6,300;-0,227;4,363;1,745;-0,0054;0,104;0,042;0,000;0,000;0,000;0,0000;0,000;0,000;0,002;-9,006E-4;6,300;-0,017;-2,153;3,491;-4,1667E-4;-0,051;0,083;0,000;0,000;0,000;0,0000;0,000;0,000;0,002;-8,216E-4
6,350;-0,646;-0,349;12,799;-0,0154;-0,008;0,306;0,000;0,000;0,000;0,0000;0,000;0,000;0,002;-8,076E-4;6,350;0,000;4,363;-2,327;0,0000;0,104;-0,056;0,000;0,000;0,000;0,0000;0,000;0,000;0,002;-8,607E-4;6,350;-0,122;-1,920;5,624;-0,0029;-0,046;0,134;0,000;0,000;0,000;0,0000;0,000;0,000;0,002;-7,820E-4
6,400;-0,646;0,291;11,442;-0,0154;0,007;0,273;0,000;0,000;0,000;0,0000;0,000;0,000;0,002;-7,738E-4;6,400;0,209;4,131;-6,400;0,0050;0,099;-0,153;0,000;0,000;0,000;0,0000;0,000;0,000;0,002;-7,318E-4;6,400;-0,209;-1,571;7,563;-0,0050;-0,038;0,181;0,000;0,000;0,000;0,0000;0,000;0,000;0,002;-7,704E-4
6,450;-0,611;0,814;9,502;-0,0146;0,019;0,227;0,000;0,000;0,000;0,0000;0,000;0,000;0,002;-8,176E-4;6,450;0,419;3,723;-10,472;0,0100;0,089;-0,250;0,000;0,000;0,000;0,0000;0,000;0,000;0,002;-7,979E-4;6,450;-0,279;-1,164;9,308;-0,0067;-0,028;0,222;0,000;0,000;0,000;0,0000;0,000;0,000;0,002;-8,285E-4
6,500;-0,559;1,222;7,563;-0,0133;0,029;0,181;0,000;0,000;0,000;0,0000;0,000;0,000;0,002;-8,056E-4;6,500;0,593;3,083;-13,963;0,0142;0,074;-0,333;0,000;0,000;0,000;0,0000;0,000;0,000;0,002;-8,452E-4;6,500;-0,332;-0,640;10,278;-0,0079;-0,015;0,245;0,000;0,000;0,000;0,0000;0,000;0,000;0,002;-8,257E-4
6,550;-0,489;1,571;5,624;-0,0117;0,037;0,134;0,000;0,000;0,000;0,0000;0,000;0,000;0,002;-7,073E-4;6,550;0,733;2,269;-16,484;0,0175;0,054;-0,394;0,000;0,000;0,000;0,0000;0,000;0,000;0,002;-8,137E-4;6,550;-0,349;-0,058;9,502;-0,0083;-0,001;0,227;0,000;0,000;0,000;0,0000;0,000;0,000;0,002;-7,842E-4
6,600;-0,401;1,804;3,685;-0,0096;0,043;0,088;0,000;0,000;0,000;0,0000;0,000;0,000;0,002;-7,776E-4;6,600;0,820;1,396;-17,841;0,0196;0,033;-0,426;0,000;0,000;0,000;0,0000;0,000;0,000;0,002;-7,236E-4;6,600;-0,332;0,407;6,981;-0,0079;0,010;0,167;0,000;0,000;0,000;0,0000;0,000;0,000;0,002;-8,203E-4
6,650;-0,297;1,920;1,939;-0,0071;0,046;0,046;0,000;0,000;0,000;0,0000;0,000;0,000;0,002;-8,545E-4;6,650;0,873;0,465;-18,229;0,0208;0,011;-0,435;0,000;0,000;0,000;0,0000;0,000;0,000;0,002;-8,652E-4;6,650;-0,297;0,640;4,266;-0,0071;0,015;0,102;0,000;0,000;0,000;0,0000;0,000;0,000;0,002;-8,348E-4
6,700;-0,209;1,978;0,582;-0,0050;0,047;0,014;0,000;0,000;0,000;0,0000;0,000;0,000;0,002;-8,298E-4;6,700;0,873;-0,465;-17,453;0,0208;-0,011;-0,417;0,000;0,000;0,000;0,0000;0,000;0,000;0,002;-8,650E-4;6,700;-0,262;0,756;2,715;-0,0062;0,018;0,065;0,000;0,000;0,000;0,0000;0,000;0,000;0,002;-7,967E-4
6,750;-0,105;1,978;-0,776;-0,0025;0,047;-0,019;0,000;0,000;0,000;0,0000;0,000;0,000;0,002;-7,958E-4;6,750;0,820;-1,338;-15,514;0,0196;-0,032;-0,370;0,000;0,000;0,000;0,0000;0,000;0,000;0,002;-8,155E-4;6,750;-0,227;0,873;2,133;-0,0054;0,021;0,051;0,000;0,000;0,000;0,0000;0,000;0,000;0,002;-7,883E-4
6,800;0,000;1,920;-2,521;0,0000;0,046;-0,060;0,000;0,000;0,000;0,0000;0,000;0,000;0,002;-8,917E-4;6,800;0,733;-2,036;-12,993;0,0175;-0,049;-0,310;0,000;0,000;0,000;0,0000;0,000;0,000;0,002;-8,627E-4;6,800;-0,175;0,989;1,551;-0,0042;0,024;0,037;0,000;0,000;0,000;0,0000;0,000;0,000;0,002;-9,228E-4
6,850;0,087;1,745;-4,654;0,0021;0,042;-0,111;0,000;0,000;0,000;0,0000;0,000;0,000;0,002;-7,266E-4;6,850;0,611;-2,618;-10,278;0,0146;-0,062;-0,245;0,000;0,000;0,000;0,0000;0,000;0,000;0,002;-8,219E-4;6,850;-0,122;1,047;0,582;-0,0029;0,025;0,014;0,000;0,000;0,000;0,0000;0,000;0,000;0,002;-8,112E-4
6,900;0,175;1,454;-6,981;0,0042;0,035;-0,167;0,000;0,000;0,000;0,0000;0,000;0,000;0,002;-8,679E-4;6,900;0,471;-3,083;-7,369;0,0112;-0,074;-0,176;0,000;0,000;0,000;0,0000;0,000;0,000;0,002;-7,475E-4;6,900;-0,070;1,047;-0,582;-0,0017;0,025;-0,014;0,000;0,000;0,000;0,0000;0,000;0,000;0,002;-8,004E-4
6,950;0,244;1,047;-8,727;0,0058;0,025;-0,208;0,000;0,000;0,000;0,0000;0,000;0,000;0,002;-7,797E-4;6,950;0,297;-3,374;-3,879;0,0071;-0,081;-0,093;0,000;0,000;0,000;0,0000;0,000;0,000;0,002;-7,668E-4;6,950;-0,017;0,989;-1,745;-4,1667E-4;0,024;-0,042;0,000;0,000;0,000;0,0000;0,000;0,000;0,002;-7,548E-4
7,000;0,279;0,524;-9,308;0,0067;0,012;-0,222;0,000;0,000;0,000;0,0000;0,000;0,000;0,002;-7,792E-4;7,000;0,122;-3,491;3,553E-14;0,0029;-0,083;1,249E-15;0,000;0,000;0,000;0,0000;0,000;0,000;0,002;-7,534E-4;7,000;0,035;0,873;-2,715;8,3333E-4;0,021;-0,065;0,000;0,000;0,000;0,0000;0,000;0,000;0,002;-7,150E-4
7,050;0,297;0,058;-8,727;0,0071;0,001;-0,208;0,000;0,000;0,000;0,0000;0,000;0,000;0,002;-8,069E-4;7,050;-0,052;-3,374;3,879;-0,0012;-0,081;0,093;0,000;0,000;0,000;0,0000;0,000;0,000;0,002;-7,327E-4;7,050;0,070;0,698;-3,297;0,0017;0,017;-0,079;0,000;0,000;0,000;0,0000;0,000;0,000;0,002;-8,496E-4
7,100;0,279;-0,349;-7,563;0,0067;-0,008;-0,181;0,000;0,000;0,000;0,0000;0,000;0,000;0,002;-7,990E-4;7,100;-0,227;-3,083;7,175;-0,0054;-0,074;0,171;0,000;0,000;0,000;0,0000;0,000;0,000;0,002;-8,477E-4;7,100;0,105;0,524;-3,491;0,0025;0,012;-0,083;0,000;0,000;0,000;0,0000;0,000;0,000;0,002;-7,699E-4
7,150;0,262;-0,698;-6,206;0,0062;-0,017;-0,148;0,000;0,000;0,000;0,0000;0,000;0,000;0,002;-7,988E-4;7,150;-0,367;-2,618;9,502;-0,0087;-0,063;0,227;0,000;0,000;0,000;0,0000;0,000;0,000;0,002;-8,568E-4;7,150;0,122;0,349;-3,491;0,0029;0,008;-0,083;0,000;0,000;0,000;0,0000;0,000;0,000;0,002;-8,151E-4
7,200;0,209;-0,989;-4,460;0,0050;-0,024;-0,106;0,000;0,000;0,000;0,0000;0,000;0,000;0,002;-7,681E-4;7,200;-0,489;-2,094;11,248;-0,0117;-0,050;0,269;0,000;0,000;0,000;0,0000;0,000;0,000;0,002;-8,850E-4;7,200;0,140;0,175;-3,491;0,0033;0,004;-0,083;0,000;0,000;0,000;0,0000;0,000;0,000;0,002;-7,865E-4
7,250;0,157;-1,164;-2,715;0,0037;-0,028;-0,065;0,000;0,000;0,000;0,0000;0,000;0,000;0,002;-7,835E-4;7,250;-0,576;-1,513;12,605;-0,0137;-0,036;0,301;0,000;0,000;0,000;0,0000;0,000;0,000;0,002;-9,094E-4;7,250;0,140;0,000;-3,297;0,0033;0,000;-0,079;0,000;0,000;0,000;0,0000;0,000;0,000;0,002;-7,475E-4
7,300;0,087;-1,222;-1,164;0,0021;-0,029;-0,028;0,000;0,000;0,000;0,0000;0,000;0,000;0,002;-7,177E-4;7,300;-0,646;-0,814;13,381;-0,0154;-0,019;0,319;0,000;0,000;0,000;0,0000;0,000;0,000;0,002;-8,410E-4;7,300;0,140;-0,175;-2,715;0,0033;-0,004;-0,065;0,000;0,000;0,000;0,0000;0,000;0,000;0,002;-7,740E-4
7,350;0,035;-1,280;0,194;8,3333E-4;-0,031;0,005;0,000;0,000;0,000;0,0000;0,000;0,000;0,002;-8,952E-4;7,350;-0,663;-0,116;12,993;-0,0158;-0,003;0,310;0,000;0,000;0,000;0,0000;0,000;0,000;0,002;-8,235E-4;7,350;0,122;-0,291;-1,745;0,0029;-0,007;-0,042;0,000;0,000;0,000;0,0000;0,000;0,000;0,002;-8,264E-4
7,400;-0,035;-1,222;1,745;-8,3333E-4;-0,029;0,042;0,000;0,000;0,000;0,0000;0,000;0,000;0,002;-7,810E-4;7,400;-0,646;0,524;11,636;-0,0154;0,013;0,278;0,000;0,000;0,000;0,0000;0,000;0,000;0,002;-8,053E-4;7,400;0,105;-0,349;-0,582;0,0025;-0,008;-0,014;0,000;0,000;0,000;0,0000;0,000;0,000;0,002;-8,555E-4
7,450;-0,105;-1,105;3,297;-0,0025;-0,026;0,079;0,000;0,000;0,000;0,0000;0,000;0,000;0,002;-8,056E-4;7,450;-0,611;1,047;10,084;-0,0146;0,025;0,241;0,000;0,000;0,000;0,0000;0,000;0,000;0,002;-7,613E-4;7,450;0,087;-0,349;0,582;0,0021;-0,008;0,014;0,000;0,000;0,000;0,0000;0,000;0,000;0,002;-8,659E-4
7,500;-0,140;-0,873;4,266;-0,0033;-0,021;0,102;0,000;0,000;0,000;0,0000;0,000;0,000;0,002;-7,974E-4;7,500;-0,541;1,513;8,533;-0,0129;0,036;0,204;0,000;0,000;0,000;0,0000;0,000;0,000;0,002;-8,847E-4;7,500;0,070;-0,291;1,551;0,0017;-0,007;0,037;0,000;0,000;0,000;0,0000;0,000;0,000;0,002;-8,636E-4
7,550;-0,192;-0,640;4,848;-0,0046;-0,015;0,116;0,000;0,000;0,000;0,0000;0,000;0,000;0,002;-7,992E-4;7,550;-0,454;1,920;6,593;-0,0108;0,046;0,157;0,000;0,000;0,000;0,0000;0,000;0,000;0,002;-7,981E-4;7,550;0,052;-0,175;1,939;0,0012;-0,004;0,046;0,000;0,000;0,000;0,0000;0,000;0,000;0,002;-7,624E-4
7,600;-0,209;-0,407;5,042;-0,0050;-0,010;0,120;0,000;0,000;0,000;0,0000;0,000;0,000;0,002;-8,237E-4;7,600;-0,349;2,211;4,072;-0,0083;0,053;0,097;0,000;0,000;0,000;0,0000;0,000;0,000;0,002;-8,655E-4;7,600;0,052;-0,058;1,551;0,0012;-0,001;0,037;0,000;0,000;0,000;0,0000;0,000;0,000;0,002;-8,473E-4
7,650;-0,227;-0,116;4,848;-0,0054;-0,003;0,116;0,000;0,000;0,000;0,0000;0,000;0,000;0,002;-7,559E-4;7,650;-0,227;2,327;1,551;-0,0054;0,056;0,037;0,000;0,000;0,000;0,0000;0,000;0,000;0,002;-8,269E-4;7,650;0,052;0,000;0,776;0,0012;0,000;0,019;0,000;0,000;0,000;0,0000;0,000;0,000;0,002;-8,462E-4
7,700;-0,227;0,116;4,072;-0,0054;0,003;0,097;0,000;0,000;0,000;0,0000;0,000;0,000;0,002;-8,607E-4;7,700;-0,105;2,327;-0,388;-0,0025;0,056;-0,009;0,000;0,000;0,000;0,0000;0,000;0,000;0,002;-7,808E-4;7,700;0,052;0,000;0,194;0,0012;0,000;0,005;0,000;0,000;0,000;0,0000;0,000;0,000;0,002;-8,557E-4
7,750;-0,209;0,291;3,103;-0,0050;0,007;0,074;0,000;0,000;0,000;0,0000;0,000;0,000;0,002;-7,954E-4;7,750;0,000;2,269;-1,939;0,0000;0,054;-0,046;0,000;0,000;0,000;0,0000;0,000;0,000;0,002;-7,497E-4;7,750;0,052;0,000;0,000;0,0012;0,000;0,000;0,000;0,000;0,000;0,0000;0,000;0,000;0,002;-7,652E-4
7,800;-0,192;0,407;2,327;-0,0046;0,010;0,056;0,000;0,000;0,000;0,0000;0,000;0,000;0,002;-7,370E-4;7,800;0,122;2,153;-3,879;0,0029;0,051;-0,093;0,000;0,000;0,000;0,0000;0,000;0,000;0,002;-7,903E-4;7,800;0,052;0,000;0,000;0,0012;0,000;0,000;0,000;0,000;0,000;0,0000;0,000;0,000;0,002;-8,602E-4
7,850;-0,175;0,524;1,551;-0,0042;0,012;0,037;0,000;0,000;0,000;0,0000;0,000;0,000;0,002;-8,321E-4;7,850;0,227;1,920;-6,206;0,0054;0,046;-0,148;0,000;0,000;0,000;0,0000;0,000;0,000;0,002;-8,393E-4;7,850;0,052;0,000;0,000;0,0012;0,000;0,000;0,000;0,000;0,000;0,0000;0,000;0,000;0,002;-7,940E-4
7,900;-0,140;0,582;0,582;-0,0033;0,014;0,014;0,000;0,000;0,000;0,0000;0,000;0,000;0,002;-8,754E-4;7,900;0,314;1,513;-8,339;0,0075;0,036;-0,199;0,000;0,000;0,000;0,0000;0,000;0,000;0,002;-8,410E-4;7,900;0,052;0,000;0,000;0,0012;0,000;0,000;0,000;0,000;0,000;0,0000;0,000;0,000;0,002;-8,359E-4
7,950;-0,105;0,582;-0,388;-0,0025;0,014;-0,009;0,000;0,000;0,000;0,0000;0,000;0,000;0,002;-8,348E-4;7,950;0,384;1,047;-9,696;0,0092;0,025;-0,231;0,000;0,000;0,000;0,0000;0,000;0,000;0,002;-8,037E-4;7,950;0,052;0,000;0,000;0,0012;0,000;0,000;0,000;0,000;0,000;0,0000;0,000;0,000;0,002;-8,131E-4
8,000;-0,087;0,524;-0,970;-0,0021;0,013;-0,023;0,000;0,000;0,000;0,0000;0,000;0,000;0,002;-8,135E-4;8,000;0,419;0,524;-9,890;0,0100;0,013;-0,236;0,000;0,000;0,000;0,0000;0,000;0,000;0,002;-8,511E-4;8,000;0,052;0,000;0,000;0,0012;0,000;0,000;0,000;0,000;0,000;0,0000;0,000;0,000;0,002;-7,945E-4
8,050;-0,052;0,465;-1,357;-0,0012;0,011;-0,032;0,000;0,000;0,000;0,0000;0,000;0,000;0,002;-8,552E-4;8,050;0,436;0,000;-8,921;0,0104;0,000;-0,213;0,000;0,000;0,000;0,0000;0,000;0,000;0,002;-8,693E-4;8,050;0,052;0,000;0,000;0,0012;0,000;0,000;0,000;0,000;0,000;0,0000;0,000;0,000;0,002;-7,604E-4
8,100;-0,035;0,407;-1,551;-8,3333E-4;0,010;-0,037;0,000;0,000;0,000;0,0000;0,000;0,000;0,002;-7,802E-4;8,100;0,419;-0,407;-7,175;0,0100;-0,010;-0,171;0,000;0,000;0,000;0,0000;0,000;0,000;0,002;-8,688E-4;8,100;0,052;0,000;0,000;0,0012;0,000;0,000;0,000;0,000;0,000;0,0000;0,000;0,000;0,002;-7,702E-4
8,150;-0,017;0,291;-1,745;-4,1667E-4;0,007;-0,042;0,000;0,000;0,000;0,0000;0,000;0,000;0,002;-7,420E-4;8,150;0,384;-0,698;-5,624;0,0092;-0,017;-0,134;0,000;0,000;0,000;0,0000;0,000;0,000;0,002;-8,339E-4;8,150;0,052;0,000;0,000;0,0012;0,000;0,000;0,000;0,000;0,000;0,0000;0,000;0,000;0,002;-7,572E-4
8,200;0,000;0,233;-1,939;0,0000;0,006;-0,046;0,000;0,000;0,000;0,0000;0,000;0,000;0,002;-8,246E-4;8,200;0,349;-0,931;-4,460;0,0083;-0,022;-0,106;0,000;0,000;0,000;0,0000;0,000;0,000;0,002;-7,722E-4;8,200;0,052;0,000;0,000;0,0012;0,000;0,000;0,000;0,000;0,000;0,0000;0,000;0,000;0,002;-7,402E-4
8,250;0,000;0,116;-2,133;0,0000;0,003;-0,051;0,000;0,000;0,000;0,0000;0,000;0,000;0,002;-8,046E-4;8,250;0,297;-1,164;-3,103;0,0071;-0,028;-0,074;0,000;0,000;0,000;0,0000;0,000;0,000;0,002;-7,343E-4;8,250;0,052;0,000;0,000;0,0012;0,000;0,000;0,000;0,000;0,000;0,0000;0,000;0,000;0,002;-7,734E-4
8,300;0,017;0,000;-2,327;4,1667E-4;0,000;-0,056;0,000;0,000;0,000;0,0000;0,000;0,000;0,002;-7,345E-4;8,300;0,227;-1,280;-1,164;0,0054;-0,031;-0,028;0,000;0,000;0,000;0,0000;0,000;0,000;0,002;-7,675E-4;8,300;0,052;0,000;0,000;0,0012;0,000;0,000;0,000;0,000;0,000;0,0000;0,000;0,000;0,002;-8,017E-4
8,350;0,000;-0,116;-1,939;0,0000;-0,003;-0,046;0,000;0,000;0,000;0,0000;0,000;0,000;0,002;-7,865E-4;8,350;0,157;-1,280;0,970;0,0037;-0,031;0,023;0,000;0,000;0,000;0,0000;0,000;0,000;0,002;-8,723E-4;8,350;0,052;0,000;0,000;0,0012;0,000;0,000;0,000;0,000;0,000;0,0000;0,000;0,000;0,002;-7,804E-4
8,400;0,000;-0,233;-1,164;0,0000;-0,006;-0,028;0,000;0,000;0,000;0,0000;0,000;0,000;0,002;-8,337E-4;8,400;0,105;-1,164;2,521;0,0025;-0,028;0,060;0,000;0,000;0,000;0,0000;0,000;0,000;0,002;-8,314E-4;8,400;0,052;0,000;0,000;0,0012;0,000;0,000;0,000;0,000;0,000;0,0000;0,000;0,000;0,002;-8,121E-4
8,450;-0,017;-0,233;-0,194;-4,1667E-4;-0,006;-0,005;0,000;0,000;0,000;0,0000;0,000;0,000;0,002;-8,591E-4;8,450;0,035;-0,989;3,297;8,3333E-4;-0,024;0,079;0,000;0,000;0,000;0,0000;0,000;0,000;0,002;-8,351E-4;8,450;0,052;0,000;;0,0012;0,000;;0,000;0,000;;0,0000;0,000;;0,002;-8,634E-4
8,500;-0,035;-0,233;0,582;-8,3333E-4;-0,006;0,014;0,000;0,000;0,000;0,0000;0,000;0,000;0,002;-8,537E-4;8,500;0,000;-0,814;3,491;0,0000;-0,019;0,083;0,000;0,000;0,000;0,0000;0,000;0,000;0,002;-7,861E-4;8,500;0,052;0,000;;0,0012;0,000;;0,000;0,000;;0,0000;0,000;;0,002;-7,811E-4
8,550;-0,035;-0,175;0,970;-8,3333E-4;-0,004;0,023;0,000;0,000;0,000;0,0000;0,000;0,000;0,002;-7,867E-4;8,550;-0,035;-0,640;3,685;-8,3333E-4;-0,015;0,088;0,000;0,000;0,000;0,0000;0,000;0,000;0,002;-8,732E-4;8,550;0,052;;;0,0012;;;0,000;;;0,0000;;;0,002;-7,922E-4
8,600;-0,052;-0,116;1,164;-0,0012;-0,003;0,028;0,000;0,000;0,000;0,0000;0,000;0,000;0,002;-7,949E-4;8,600;-0,070;-0,465;4,072;-0,0017;-0,011;0,097;0,000;0,000;0,000;0,0000;0,000;0,000;0,002;-7,972E-4;;;;;;;;;;;;;;;
8,650;-0,052;-0,058;0,970;-0,0012;-0,001;0,023;0,000;0,000;0,000;0,0000;0,000;0,000;0,002;-7,899E-4;8,650;-0,087;-0,233;4,266;-0,0021;-0,006;0,102;0,000;0,000;0,000;0,0000;0,000;0,000;0,002;-9,026E-4;;;;;;;;;;;;;;;
8,700;-0,052;0,000;0,582;-0,0012;0,000;0,014;0,000;0,000;0,000;0,0000;0,000;0,000;0,002;-7,967E-4;8,700;-0,087;0,000;3,879;-0,0021;0,000;0,093;0,000;0,000;0,000;0,0000;0,000;0,000;0,002;-8,140E-4;;;;;;;;;;;;;;;
8,750;-0,052;0,000;0,194;-0,0012;0,000;0,005;0,000;0,000;0,000;0,0000;0,000;0,000;0,002;-8,078E-4;8,750;-0,087;0,175;2,909;-0,0021;0,004;0,069;0,000;0,000;0,000;0,0000;0,000;0,000;0,002;-7,747E-4;;;;;;;;;;;;;;;
8,800;-0,052;0,000;0,194;-0,0012;0,000;0,005;0,000;0,000;0,000;0,0000;0,000;0,000;0,002;-8,334E-4;8,800;-0,070;0,291;1,745;-0,0017;0,007;0,042;0,000;0,000;0,000;0,0000;0,000;0,000;0,002;-9,163E-4;;;;;;;;;;;;;;;
8,850;-0,052;0,000;0,582;-0,0012;0,000;0,014;0,000;0,000;0,000;0,0000;0,000;0,000;0,002;-8,130E-4;8,850;-0,052;0,349;0,582;-0,0012;0,008;0,014;0,000;0,000;0,000;0,0000;0,000;0,000;0,002;-8,795E-4;;;;;;;;;;;;;;;
8,900;-0,052;0,058;0,776;-0,0012;0,001;0,019;0,000;0,000;0,000;0,0000;0,000;0,000;0,002;-7,883E-4;8,900;-0,035;0,349;-0,388;-8,3333E-4;0,008;-0,009;0,000;0,000;0,000;0,0000;0,000;0,000;0,002;-8,577E-4;;;;;;;;;;;;;;;
8,950;-0,052;0,116;0,388;-0,0012;0,003;0,009;0,000;0,000;0,000;0,0000;0,000;0,000;0,002;-7,134E-4;8,950;-0,017;0,291;-0,970;-4,1667E-4;0,007;-0,023;0,000;0,000;0,000;0,0000;0,000;0,000;0,002;-7,822E-4;;;;;;;;;;;;;;;
9,000;-0,035;0,116;-0,388;-8,3333E-4;0,003;-0,009;0,000;0,000;0,000;0,0000;0,000;0,000;0,002;-8,491E-4;9,000;0,000;0,233;-1,164;0,0000;0,006;-0,028;0,000;0,000;0,000;0,0000;0,000;0,000;0,002;-7,894E-4;;;;;;;;;;;;;;;
9,050;-0,035;0,058;-0,776;-8,3333E-4;0,001;-0,019;0,000;0,000;0,000;0,0000;0,000;0,000;0,002;-8,954E-4;9,050;0,000;0,175;-1,164;0,0000;0,004;-0,028;0,000;0,000;0,000;0,0000;0,000;0,000;0,002;-8,795E-4;;;;;;;;;;;;;;;
9,100;-0,035;0,000;-0,776;-8,3333E-4;0,000;-0,019;0,000;0,000;0,000;0,0000;0,000;0,000;0,002;-8,604E-4;9,100;0,017;0,116;-1,164;4,1667E-4;0,003;-0,028;0,000;0,000;0,000;0,0000;0,000;0,000;0,002;-7,951E-4;;;;;;;;;;;;;;;
9,150;-0,035;0,000;-0,776;-8,3333E-4;0,000;-0,019;0,000;0,000;0,000;0,0000;0,000;0,000;0,002;-7,903E-4;9,150;0,017;0,058;-0,970;4,1667E-4;0,001;-0,023;0,000;0,000;0,000;0,0000;0,000;0,000;0,002;-8,520E-4;;;;;;;;;;;;;;;
9,200;-0,035;-0,058;-0,776;-8,3333E-4;-0,001;-0,019;0,000;0,000;0,000;0,0000;0,000;0,000;0,002;-8,362E-4;9,200;0,017;0,000;-0,582;4,1667E-4;0,000;-0,014;0,000;0,000;0,000;0,0000;0,000;0,000;0,002;-7,574E-4;;;;;;;;;;;;;;;
9,250;-0,035;-0,116;-0,388;-8,3333E-4;-0,003;-0,009;0,000;0,000;0,000;0,0000;0,000;0,000;0,002;-7,940E-4;9,250;0,017;0,000;-0,194;4,1667E-4;0,000;-0,005;0,000;0,000;0,000;0,0000;0,000;0,000;0,002;-8,366E-4;;;;;;;;;;;;;;;
9,300;-0,052;-0,116;0,388;-0,0012;-0,003;0,009;0,000;0,000;0,000;0,0000;0,000;0,000;0,002;-8,348E-4;9,300;0,017;0,000;0,000;4,1667E-4;0,000;0,000;0,000;0,000;0,000;0,0000;0,000;0,000;0,002;-8,128E-4;;;;;;;;;;;;;;;
9,350;-0,052;-0,058;0,776;-0,0012;-0,001;0,019;0,000;0,000;0,000;0,0000;0,000;0,000;0,002;-7,672E-4;9,350;0,017;0,000;0,000;4,1667E-4;0,000;0,000;0,000;0,000;0,000;0,0000;0,000;0,000;0,002;-8,666E-4;;;;;;;;;;;;;;;
9,400;-0,052;0,000;0,776;-0,0012;0,000;0,019;0,000;0,000;0,000;0,0000;0,000;0,000;0,002;-7,228E-4;9,400;0,017;0,000;0,000;4,1667E-4;0,000;0,000;0,000;0,000;0,000;0,0000;0,000;0,000;0,002;-8,623E-4;;;;;;;;;;;;;;;
9,450;-0,052;0,000;0,776;-0,0012;0,000;0,019;0,000;0,000;0,000;0,0000;0,000;0,000;0,002;-7,287E-4;9,450;0,017;0,000;0,000;4,1667E-4;0,000;0,000;0,000;0,000;0,000;0,0000;0,000;0,000;0,002;-7,856E-4;;;;;;;;;;;;;;;
9,500;-0,052;0,058;0,776;-0,0012;0,001;0,019;0,000;0,000;0,000;0,0000;0,000;0,000;0,002;-8,296E-4;9,500;0,017;0,000;0,000;4,1667E-4;0,000;0,000;0,000;0,000;0,000;0,0000;0,000;0,000;0,002;-8,790E-4;;;;;;;;;;;;;;;
9,550;-0,052;0,116;0,388;-0,0012;0,003;0,009;0,000;0,000;0,000;0,0000;0,000;0,000;0,002;-8,062E-4;9,550;0,017;0,000;0,000;4,1667E-4;0,000;0,000;0,000;0,000;0,000;0,0000;0,000;0,000;0,002;-8,414E-4;;;;;;;;;;;;;;;
9,600;-0,035;0,116;-0,388;-8,3333E-4;0,003;-0,009;0,000;0,000;0,000;0,0000;0,000;0,000;0,002;-7,847E-4;9,600;0,017;0,000;0,000;4,1667E-4;0,000;0,000;0,000;0,000;0,000;0,0000;0,000;0,000;0,002;-8,155E-4;;;;;;;;;;;;;;;
9,650;-0,035;0,058;-0,776;-8,3333E-4;0,001;-0,019;0,000;0,000;0,000;0,0000;0,000;0,000;0,002;-7,822E-4;9,650;0,017;0,000;0,000;4,1667E-4;0,000;0,000;0,000;0,000;0,000;0,0000;0,000;0,000;0,002;-8,255E-4;;;;;;;;;;;;;;;
9,700;-0,035;0,000;-0,582;-8,3333E-4;0,000;-0,014;0,000;0,000;0,000;0,0000;0,000;0,000;0,002;-7,300E-4;9,700;0,017;0,000;0,000;4,1667E-4;0,000;0,000;0,000;0,000;0,000;0,0000;0,000;0,000;0,002;-7,736E-4;;;;;;;;;;;;;;;
9,750;-0,035;0,000;-0,194;-8,3333E-4;0,000;-0,005;0,000;0,000;0,000;0,0000;0,000;0,000;0,002;-7,851E-4;9,750;0,017;0,000;0,000;4,1667E-4;0,000;0,000;0,000;0,000;0,000;0,0000;0,000;0,000;0,002;-7,309E-4;;;;;;;;;;;;;;;
9,800;-0,035;0,000;0,000;-8,3333E-4;0,000;0,000;0,000;0,000;0,000;0,0000;0,000;0,000;0,002;-7,870E-4;9,800;0,017;0,000;0,000;4,1667E-4;0,000;0,000;0,000;0,000;0,000;0,0000;0,000;0,000;0,002;-8,233E-4;;;;;;;;;;;;;;;
9,850;-0,035;0,000;0,000;-8,3333E-4;0,000;0,000;0,000;0,000;0,000;0,0000;0,000;0,000;0,002;-8,094E-4;9,850;0,017;0,000;0,000;4,1667E-4;0,000;0,000;0,000;0,000;0,000;0,0000;0,000;0,000;0,002;-8,865E-4;;;;;;;;;;;;;;;
9,900;-0,035;0,000;0,000;-8,3333E-4;0,000;0,000;0,000;0,000;0,000;0,0000;0,000;0,000;0,002;-8,604E-4;9,900;0,017;0,000;0,000;4,1667E-4;0,000;0,000;0,000;0,000;0,000;0,0000;0,000;0,000;0,002;-8,049E-4;;;;;;;;;;;;;;;
9,950;-0,035;0,000;0,000;-8,3333E-4;0,000;0,000;0,000;0,000;0,000;0,0000;0,000;0,000;0,002;-7,171E-4;9,950;0,017;0,000;0,000;4,1667E-4;0,000;0,000;0,000;0,000;0,000;0,0000;0,000;0,000;0,002;-8,967E-4;;;;;;;;;;;;;;;
10,000;-0,035;0,000;;-8,3333E-4;0,000;;0,000;0,000;;0,0000;0,000;;0,002;-9,054E-4;10,000;0,017;0,000;0,000;4,1667E-4;0,000;0,000;0,000;0,000;0,000;0,0000;0,000;0,000;0,002;-7,652E-4;;;;;;;;;;;;;;;
10,050;-0,035;0,000;;-8,3333E-4;0,000;;0,000;0,000;;0,0000;0,000;;0,002;-8,094E-4;10,050;0,017;0,000;0,000;4,1667E-4;0,000;0,000;0,000;0,000;0,000;0,0000;0,000;0,000;0,002;-8,636E-4;;;;;;;;;;;;;;;
10,100;-0,035;;;-8,3333E-4;;;0,000;;;0,0000;;;0,002;-7,178E-4;10,100;0,017;0,000;0,000;4,1667E-4;0,000;0,000;0,000;0,000;0,000;0,0000;0,000;0,000;0,002;-8,003E-4;;;;;;;;;;;;;;;
;;;;;;;;;;;;;;;10,150;0,017;0,000;0,000;4,1667E-4;0,000;0,000;0,000;0,000;0,000;0,0000;0,000;0,000;0,002;-7,915E-4;;;;;;;;;;;;;;;
;;;;;;;;;;;;;;;10,200;0,017;0,000;0,000;4,1667E-4;0,000;0,000;0,000;0,000;0,000;0,0000;0,000;0,000;0,002;-7,844E-4;;;;;;;;;;;;;;;
;;;;;;;;;;;;;;;10,250;0,017;0,000;0,000;4,1667E-4;0,000;0,000;0,000;0,000;0,000;0,0000;0,000;0,000;0,002;-7,754E-4;;;;;;;;;;;;;;;
;;;;;;;;;;;;;;;10,300;0,017;0,000;0,000;4,1667E-4;0,000;0,000;0,000;0,000;0,000;0,0000;0,000;0,000;0,002;-8,051E-4;;;;;;;;;;;;;;;
;;;;;;;;;;;;;;;10,350;0,017;0,000;0,000;4,1667E-4;0,000;0,000;0,000;0,000;0,000;0,0000;0,000;0,000;0,002;-7,799E-4;;;;;;;;;;;;;;;
;;;;;;;;;;;;;;;10,400;0,017;0,000;0,000;4,1667E-4;0,000;0,000;0,000;0,000;0,000;0,0000;0,000;0,000;0,002;-8,044E-4;;;;;;;;;;;;;;;
;;;;;;;;;;;;;;;10,450;0,017;0,000;0,000;4,1667E-4;0,000;0,000;0,000;0,000;0,000;0,0000;0,000;0,000;0,002;-7,482E-4;;;;;;;;;;;;;;;
;;;;;;;;;;;;;;;10,500;0,017;0,000;0,000;4,1667E-4;0,000;0,000;0,000;0,000;0,000;0,0000;0,000;0,000;0,002;-8,825E-4;;;;;;;;;;;;;;;
;;;;;;;;;;;;;;;10,550;0,017;0,000;0,000;4,1667E-4;0,000;0,000;0,000;0,000;0,000;0,0000;0,000;0,000;0,002;-7,785E-4;;;;;;;;;;;;;;;
;;;;;;;;;;;;;;;10,600;0,017;0,000;0,000;4,1667E-4;0,000;0,000;0,000;0,000;0,000;0,0000;0,000;0,000;0,002;-7,692E-4;;;;;;;;;;;;;;;
;;;;;;;;;;;;;;;10,650;0,017;0,000;0,000;4,1667E-4;0,000;0,000;0,000;0,000;0,000;0,0000;0,000;0,000;0,002;-7,994E-4;;;;;;;;;;;;;;;
;;;;;;;;;;;;;;;10,700;0,017;0,000;0,000;4,1667E-4;0,000;0,000;0,000;0,000;0,000;0,0000;0,000;0,000;0,002;-8,421E-4;;;;;;;;;;;;;;;
;;;;;;;;;;;;;;;10,750;0,017;0,000;0,000;4,1667E-4;0,000;0,000;0,000;0,000;0,000;0,0000;0,000;0,000;0,002;-8,316E-4;;;;;;;;;;;;;;;
;;;;;;;;;;;;;;;10,800;0,017;0,000;;4,1667E-4;0,000;;0,000;0,000;;0,0000;0,000;;0,002;-7,895E-4;;;;;;;;;;;;;;;
;;;;;;;;;;;;;;;10,850;0,017;0,000;;4,1667E-4;0,000;;0,000;0,000;;0,0000;0,000;;0,002;-8,827E-4;;;;;;;;;;;;;;;
;;;;;;;;;;;;;;;10,900;0,017;;;4,1667E-4;;;0,000;;;0,0000;;;0,002;-7,897E-4;;;;;;;;;;;;;;;
